id,file,line,column,method,classification,receiver_type,replacement,reason,evidence,source,user_regex_match,owner
lib/args.x:78:40,lib/args.x,78,40,str,comment_or_string,documented sample,,"This occurrence is inside a documentation comment, not executed runtime code.",lib/args.x:78 (documentation comment),"~    options[""inputs""].list().car().str() == ""main.x"" ? 0 : 1;",True,runtime
lib/args.x:97:29,lib/args.x,97,29,str,required_call,Var,,"Argument/spec cells are Var values; Var.str displays their Atom, Symbol, or String spelling.",lib/args.x:97; lib/dispatch.x:75 (Var display dispatch); src/expressions.x:3136 (implicit conversion),String word = rest.car().str();,True,runtime
lib/args.x:143:27,lib/args.x,143,27,str,required_call,Var,,"Argument/spec cells are Var values; Var.str displays their Atom, Symbol, or String spelling.",lib/args.x:143; lib/dispatch.x:75 (Var display dispatch); src/expressions.x:3136 (implicit conversion),String first = row.car().str();,True,runtime
lib/args.x:150:23,lib/args.x,150,23,str,required_call,Var,,"Argument/spec cells are Var values; Var.str displays their Atom, Symbol, or String spelling.",lib/args.x:150; lib/dispatch.x:75 (Var display dispatch); src/expressions.x:3136 (implicit conversion),String text = word.str();,True,runtime
lib/args.x:180:32,lib/args.x,180,32,str,required_call,Var,,"Argument/spec cells are Var values; Var.str displays their Atom, Symbol, or String spelling.",lib/args.x:180; lib/dispatch.x:75 (Var display dispatch); src/expressions.x:3136 (implicit conversion),o.value = property.cadr().str();,True,runtime
lib/args.x:187:31,lib/args.x,187,31,str,required_call,Var,,"Argument/spec cells are Var values; Var.str displays their Atom, Symbol, or String spelling.",lib/args.x:187; lib/dispatch.x:75 (Var display dispatch); src/expressions.x:3136 (implicit conversion),o.help = property.cadr().str();,True,runtime
lib/args.x:242:20,lib/args.x,242,20,str,required_call,Var,,"Argument/spec cells are Var values; Var.str displays their Atom, Symbol, or String spelling.",lib/args.x:242; lib/dispatch.x:75 (Var display dispatch); src/expressions.x:3136 (implicit conversion),return rest.car().str();,True,runtime
lib/args.x:273:66,lib/args.x,273,66,str,required_call,Var,,"Argument/spec cells are Var values; Var.str displays their Atom, Symbol, or String spelling.",lib/args.x:273; lib/dispatch.x:75 (Var display dispatch); src/expressions.x:3136 (implicit conversion),"if (operands) _bad_operand(""unexpected operand"", operands.car().str());",True,runtime
lib/array-generics.xmacro:25:25,lib/array-generics.xmacro,25,25,postfixindex,definition,$array,,This declares or defines the named method; it is not a call-site substitution.,lib/array-generics.xmacro:25 (method declaration/definition),"inline $element $array.postfixindex($array, int, Symbol);",True,runtime
lib/array-generics.xmacro:31:25,lib/array-generics.xmacro,31,25,postfixindex,definition,$array,,This declares or defines the named method; it is not a call-site substitution.,lib/array-generics.xmacro:31 (method declaration/definition),"inline $element $array.postfixindex($array array, int index, Symbol op) {",False,runtime
lib/array-generics.xmacro:33:26,lib/array-generics.xmacro,33,26,updateindex,safe_candidate,$array typed numeric family,array[index] += 1,Indexed compound assignment resolves updateindex with the + Symbol and rhs 1; postfixindex still returns the saved old value.,lib/array-generics.xmacro:33; src/transform.x:1508 (compound indexed dispatch); src/transform.x:1638 (updateindex resolution),"if (op == <++>) array.updateindex(index, <+>, 1);",True,runtime
lib/array-generics.xmacro:34:31,lib/array-generics.xmacro,34,31,updateindex,safe_candidate,$array typed numeric family,array[index] -= 1,Indexed compound assignment resolves updateindex with the - Symbol and rhs 1; postfixindex still returns the saved old value.,lib/array-generics.xmacro:34; src/transform.x:1508 (compound indexed dispatch); src/transform.x:1638 (updateindex resolution),"else if (op == <-->) array.updateindex(index, <->, 1);",True,runtime
lib/array-generics.xmacro:51:26,lib/array-generics.xmacro,51,26,updateindex,definition,$family,,This declares or defines the named method; it is not a call-site substitution.,lib/array-generics.xmacro:51 (method declaration/definition),"inline $element $family.updateindex($family, int, Symbol, $element);",True,runtime
lib/array-generics.xmacro:60:26,lib/array-generics.xmacro,60,26,updateindex,definition,$family,,This declares or defines the named method; it is not a call-site substitution.,lib/array-generics.xmacro:60 (method declaration/definition),inline $element $family.updateindex(,False,runtime
lib/array-generics.xmacro:102:26,lib/array-generics.xmacro,102,26,updateindex,definition,$family,,This declares or defines the named method; it is not a call-site substitution.,lib/array-generics.xmacro:102 (method declaration/definition),"inline $element $family.updateindex($family, int, Symbol, $element);",True,runtime
lib/array-generics.xmacro:109:26,lib/array-generics.xmacro,109,26,updateindex,definition,$family,,This declares or defines the named method; it is not a call-site substitution.,lib/array-generics.xmacro:109 (method declaration/definition),inline $element $family.updateindex(,False,runtime
lib/array-generics.xmacro:127:23,lib/array-generics.xmacro,127,23,updateindex,definition,$array,,This declares or defines the named method; it is not a call-site substitution.,lib/array-generics.xmacro:127 (method declaration/definition),"inline String $array.updateindex($array, int, Symbol, String);",True,runtime
lib/array-generics.xmacro:128:23,lib/array-generics.xmacro,128,23,postfixindex,definition,$array,,This declares or defines the named method; it is not a call-site substitution.,lib/array-generics.xmacro:128 (method declaration/definition),"inline String $array.postfixindex($array, int, Symbol);",True,runtime
lib/array-generics.xmacro:135:23,lib/array-generics.xmacro,135,23,updateindex,definition,$array,,This declares or defines the named method; it is not a call-site substitution.,lib/array-generics.xmacro:135 (method declaration/definition),inline String $array.updateindex(,False,runtime
lib/array-generics.xmacro:144:23,lib/array-generics.xmacro,144,23,postfixindex,definition,$array,,This declares or defines the named method; it is not a call-site substitution.,lib/array-generics.xmacro:144 (method declaration/definition),inline String $array.postfixindex(,False,runtime
lib/array-generics.xmacro:360:13,lib/array-generics.xmacro,360,13,contains,definition,$array,,This declares or defines the named method; it is not a call-site substitution.,lib/array-generics.xmacro:360 (method declaration/definition),"int $array.contains($array, $element);",True,runtime
lib/array-generics.xmacro:365:13,lib/array-generics.xmacro,365,13,equal,definition,$array,,This declares or defines the named method; it is not a call-site substitution.,lib/array-generics.xmacro:365 (method declaration/definition),"int $array.equal($array, $array);",True,runtime
lib/array-generics.xmacro:578:13,lib/array-generics.xmacro,578,13,contains,definition,$array,,This declares or defines the named method; it is not a call-site substitution.,lib/array-generics.xmacro:578 (method declaration/definition),"int $array.contains($array array, $element value) {",False,runtime
lib/array-generics.xmacro:622:13,lib/array-generics.xmacro,622,13,equal,definition,$array,,This declares or defines the named method; it is not a call-site substitution.,lib/array-generics.xmacro:622 (method declaration/definition),"int $array.equal($array a, $array b) {",False,runtime
lib/array-generics.xmacro:670:17,lib/array-generics.xmacro,670,17,str,definition,$family,,This declares or defines the named method; it is not a call-site substitution.,lib/array-generics.xmacro:670 (method declaration/definition),String $family.str($family);,True,runtime
lib/array-generics.xmacro:693:17,lib/array-generics.xmacro,693,17,str,definition,$family,,This declares or defines the named method; it is not a call-site substitution.,lib/array-generics.xmacro:693 (method declaration/definition),String $family.str($family array) {,False,runtime
lib/array-generics.xmacro:708:14,lib/array-generics.xmacro,708,14,iter,definition,$array,,This declares or defines the named method; it is not a call-site substitution.,lib/array-generics.xmacro:708 (method declaration/definition),"Iter $array.iter($array, Iter);",True,runtime
lib/array-generics.xmacro:729:14,lib/array-generics.xmacro,729,14,iter,definition,$array,,This declares or defines the named method; it is not a call-site substitution.,lib/array-generics.xmacro:729 (method declaration/definition),"Iter $array.iter($array array, Iter dest) {",False,runtime
lib/array-generics.xmacro:764:14,lib/array-generics.xmacro,764,14,iter,definition,$array,,This declares or defines the named method; it is not a call-site substitution.,lib/array-generics.xmacro:764 (method declaration/definition),"Iter $array.iter($array, Iter);",True,runtime
lib/array-generics.xmacro:852:25,lib/array-generics.xmacro,852,25,getindex,definition,$array,,This declares or defines the named method; it is not a call-site substitution.,lib/array-generics.xmacro:852 (method declaration/definition),"inline $element $array.getindex($array, int);",True,runtime
lib/array-generics.xmacro:853:25,lib/array-generics.xmacro,853,25,setindex,definition,$array,,This declares or defines the named method; it is not a call-site substitution.,lib/array-generics.xmacro:853 (method declaration/definition),"inline $element $array.setindex($array, int, $element);",True,runtime
lib/array-generics.xmacro:857:25,lib/array-generics.xmacro,857,25,getindex,definition,$array,,This declares or defines the named method; it is not a call-site substitution.,lib/array-generics.xmacro:857 (method declaration/definition),"inline $element $array.getindex($array array, int index) {",False,runtime
lib/array-generics.xmacro:863:25,lib/array-generics.xmacro,863,25,setindex,definition,$array,,This declares or defines the named method; it is not a call-site substitution.,lib/array-generics.xmacro:863 (method declaration/definition),"inline $element $array.setindex($array array, int index, $element value) {",False,runtime
lib/array-generics.xmacro:870:18,lib/array-generics.xmacro,870,18,getindex,definition,$array,,This declares or defines the named method; it is not a call-site substitution.,lib/array-generics.xmacro:870 (method declaration/definition),"$element $array.getindex($array, int);",True,runtime
lib/array-generics.xmacro:871:18,lib/array-generics.xmacro,871,18,setindex,definition,$array,,This declares or defines the named method; it is not a call-site substitution.,lib/array-generics.xmacro:871 (method declaration/definition),"$element $array.setindex($array, int, $element);",True,runtime
lib/array-generics.xmacro:876:18,lib/array-generics.xmacro,876,18,getindex,definition,$array,,This declares or defines the named method; it is not a call-site substitution.,lib/array-generics.xmacro:876 (method declaration/definition),"$element $array.getindex($array array, int index) {",False,runtime
lib/array-generics.xmacro:890:18,lib/array-generics.xmacro,890,18,setindex,definition,$array,,This declares or defines the named method; it is not a call-site substitution.,lib/array-generics.xmacro:890 (method declaration/definition),"$element $array.setindex($array array, int index, $element value) {",False,runtime
lib/array.x:132:10,lib/array.x,132,10,updateindex,definition,Array,,This declares or defines the named method; it is not a call-site substitution.,lib/array.x:132 (method declaration/definition),"Var Array.updateindex(Array array, int index, Symbol op, Var rhs) {",False,runtime
lib/array.x:152:10,lib/array.x,152,10,postfixindex,definition,Array,,This declares or defines the named method; it is not a call-site substitution.,lib/array.x:152 (method declaration/definition),"Var Array.postfixindex(Array array, int index, Symbol op) {",False,runtime
lib/atom.x:27:42,lib/atom.x,27,42,str,required_call,Atom/Var,,The explicit receiver display/spelling method supplies String text; no proved operator replacement preserves its type and ownership contract.,lib/atom.x:27; lib/dispatch.x:75 (Var display dispatch); src/expressions.x:3136 (implicit conversion),if (atom is <lsym>) String.promote(atom.str());,True,runtime
lib/atom.x:66:72,lib/atom.x,66,72,str,required_call,Atom/Var,,The explicit receiver display/spelling method supplies String text; no proved operator replacement preserves its type and ownership contract.,lib/atom.x:66; lib/dispatch.x:75 (Var display dispatch); src/expressions.x:3136 (implicit conversion),"static const char hex[] = ""0123456789ABCDEF"", String spelling = value.str();",True,runtime
lib/atom.x:101:12,lib/atom.x,101,12,str,definition,Atom,,This declares or defines the named method; it is not a call-site substitution.,lib/atom.x:101 (method declaration/definition),String Atom.str(Atom atom) {,False,runtime
lib/block.x:249:10,lib/block.x,249,10,truth,definition,Block,,This declares or defines the named method; it is not a call-site substitution.,lib/block.x:249 (method declaration/definition),int Block.truth(Block block) => block != NULL && block.length != 0;,True,runtime
lib/buffer.x:257:11,lib/buffer.x,257,11,getindex,definition,Buffer,,This declares or defines the named method; it is not a call-site substitution.,lib/buffer.x:257 (method declaration/definition),"int Buffer.getindex(Buffer buf, int index) => buf.get(index);",True,runtime
lib/buffer.x:268:14,lib/buffer.x,268,14,str,definition,Buffer,,This declares or defines the named method; it is not a call-site substitution.,lib/buffer.x:268 (method declaration/definition),String Buffer.str(Buffer buf) {,False,runtime
lib/buffer.x:277:17,lib/buffer.x,277,17,str,comment_or_string,documented sample,,"This occurrence is inside a documentation comment, not executed runtime code.",lib/buffer.x:277 (documentation comment),/** Returns `buf.str()` and frees `buf`.,False,runtime
lib/buffer.x:298:11,lib/buffer.x,298,11,truth,definition,Buffer,,This declares or defines the named method; it is not a call-site substitution.,lib/buffer.x:298 (method declaration/definition),int Buffer.truth(Buffer b) => b != NULL && b.content.length != 0;,True,runtime
lib/common.x:300:11,lib/common.x,300,11,str,definition,Var,,This declares or defines the named method or protocol member; removing it changes the API.,lib/common.x:300 (method declaration/definition),String Var.str(Var v);,True,runtime
lib/common.x:316:13,lib/common.x,316,13,str,definition,Array,,This declares or defines the named method or protocol member; removing it changes the API.,lib/common.x:316 (method declaration/definition),String Array.str(Array);,True,runtime
lib/common.x:320:10,lib/common.x,320,10,equal,definition,Array,,This declares or defines the named method or protocol member; removing it changes the API.,lib/common.x:320 (method declaration/definition),"int Array.equal(Array, Array);",True,runtime
lib/common.x:322:11,lib/common.x,322,11,iter,definition,Array,,This declares or defines the named method or protocol member; removing it changes the API.,lib/common.x:322 (method declaration/definition),"Iter Array.iter(Array, Iter);",True,runtime
lib/common.x:323:10,lib/common.x,323,10,contains,definition,Array,,This declares or defines the named method or protocol member; removing it changes the API.,lib/common.x:323 (method declaration/definition),"int Array.contains(Array, Var);",True,runtime
lib/common.x:324:10,lib/common.x,324,10,getindex,definition,Array,,This declares or defines the named method or protocol member; removing it changes the API.,lib/common.x:324 (method declaration/definition),"Var Array.getindex(Array, int);",True,runtime
lib/common.x:325:10,lib/common.x,325,10,setindex,definition,Array,,This declares or defines the named method or protocol member; removing it changes the API.,lib/common.x:325 (method declaration/definition),"Var Array.setindex(Array, int, Var);",True,runtime
lib/common.x:326:10,lib/common.x,326,10,updateindex,definition,Array,,This declares or defines the named method or protocol member; removing it changes the API.,lib/common.x:326 (method declaration/definition),"Var Array.updateindex(Array, int, Symbol, Var);",True,runtime
lib/common.x:327:10,lib/common.x,327,10,postfixindex,definition,Array,,This declares or defines the named method or protocol member; removing it changes the API.,lib/common.x:327 (method declaration/definition),"Var Array.postfixindex(Array, int, Symbol);",True,runtime
lib/common.x:329:14,lib/common.x,329,14,str,definition,Buffer,,This declares or defines the named method or protocol member; removing it changes the API.,lib/common.x:329 (method declaration/definition),String Buffer.str(Buffer);,True,runtime
lib/common.x:331:11,lib/common.x,331,11,truth,definition,Buffer,,This declares or defines the named method or protocol member; removing it changes the API.,lib/common.x:331 (method declaration/definition),int Buffer.truth(Buffer);,True,runtime
lib/common.x:333:10,lib/common.x,333,10,truth,definition,Block,,This declares or defines the named method or protocol member; removing it changes the API.,lib/common.x:333 (method declaration/definition),int Block.truth(Block);,True,runtime
lib/common.x:336:12,lib/common.x,336,12,str,definition,File,,This declares or defines the named method or protocol member; removing it changes the API.,lib/common.x:336 (method declaration/definition),String File.str(File);,True,runtime
lib/common.x:340:9,lib/common.x,340,9,equal,definition,File,,This declares or defines the named method or protocol member; removing it changes the API.,lib/common.x:340 (method declaration/definition),"int File.equal(File, File);",True,runtime
lib/common.x:341:10,lib/common.x,341,10,iter,definition,File,,This declares or defines the named method or protocol member; removing it changes the API.,lib/common.x:341 (method declaration/definition),"Iter File.iter(File, Iter);",True,runtime
lib/common.x:343:10,lib/common.x,343,10,iter,definition,Iter,,This declares or defines the named method or protocol member; removing it changes the API.,lib/common.x:343 (method declaration/definition),"Iter Iter.iter(Iter, Iter);",True,runtime
lib/common.x:345:12,lib/common.x,345,12,str,definition,List,,This declares or defines the named method or protocol member; removing it changes the API.,lib/common.x:345 (method declaration/definition),String List.str(List);,True,runtime
lib/common.x:350:9,lib/common.x,350,9,equal,definition,List,,This declares or defines the named method or protocol member; removing it changes the API.,lib/common.x:350 (method declaration/definition),"int List.equal(List, List);",True,runtime
lib/common.x:352:10,lib/common.x,352,10,iter,definition,List,,This declares or defines the named method or protocol member; removing it changes the API.,lib/common.x:352 (method declaration/definition),"Iter List.iter(List, Iter);",True,runtime
lib/common.x:353:9,lib/common.x,353,9,contains,definition,List,,This declares or defines the named method or protocol member; removing it changes the API.,lib/common.x:353 (method declaration/definition),"int List.contains(List, Var);",True,runtime
lib/common.x:354:9,lib/common.x,354,9,getindex,definition,List,,This declares or defines the named method or protocol member; removing it changes the API.,lib/common.x:354 (method declaration/definition),"Var List.getindex(List, int);",True,runtime
lib/common.x:356:11,lib/common.x,356,11,str,definition,Map,,This declares or defines the named method or protocol member; removing it changes the API.,lib/common.x:356 (method declaration/definition),String Map.str(Map);,True,runtime
lib/common.x:360:8,lib/common.x,360,8,equal,definition,Map,,This declares or defines the named method or protocol member; removing it changes the API.,lib/common.x:360 (method declaration/definition),"int Map.equal(Map, Map);",True,runtime
lib/common.x:362:8,lib/common.x,362,8,truth,definition,Map,,This declares or defines the named method or protocol member; removing it changes the API.,lib/common.x:362 (method declaration/definition),int Map.truth(Map);,True,runtime
lib/common.x:363:9,lib/common.x,363,9,iter,definition,Map,,This declares or defines the named method or protocol member; removing it changes the API.,lib/common.x:363 (method declaration/definition),"Iter Map.iter(Map, Iter);",True,runtime
lib/common.x:366:8,lib/common.x,366,8,contains,definition,Map,,This declares or defines the named method or protocol member; removing it changes the API.,lib/common.x:366 (method declaration/definition),"int Map.contains(Map, Var);",True,runtime
lib/common.x:367:8,lib/common.x,367,8,getindex,definition,Map,,This declares or defines the named method or protocol member; removing it changes the API.,lib/common.x:367 (method declaration/definition),"Var Map.getindex(Map, Var);",True,runtime
lib/common.x:368:8,lib/common.x,368,8,setindex,definition,Map,,This declares or defines the named method or protocol member; removing it changes the API.,lib/common.x:368 (method declaration/definition),"Var Map.setindex(Map, Var, Var);",True,runtime
lib/common.x:369:8,lib/common.x,369,8,updateindex,definition,Map,,This declares or defines the named method or protocol member; removing it changes the API.,lib/common.x:369 (method declaration/definition),"Var Map.updateindex(Map, Var, Symbol, Var);",True,runtime
lib/common.x:370:8,lib/common.x,370,8,postfixindex,definition,Map,,This declares or defines the named method or protocol member; removing it changes the API.,lib/common.x:370 (method declaration/definition),"Var Map.postfixindex(Map, Var, Symbol);",True,runtime
lib/common.x:372:14,lib/common.x,372,14,str,definition,String,,This declares or defines the named method or protocol member; removing it changes the API.,lib/common.x:372 (method declaration/definition),String String.str(String);,True,runtime
lib/common.x:377:11,lib/common.x,377,11,equal,definition,String,,This declares or defines the named method or protocol member; removing it changes the API.,lib/common.x:377 (method declaration/definition),"int String.equal(String, String);",True,runtime
lib/common.x:379:12,lib/common.x,379,12,iter,definition,String,,This declares or defines the named method or protocol member; removing it changes the API.,lib/common.x:379 (method declaration/definition),"Iter String.iter(String, Iter);",True,runtime
lib/common.x:380:11,lib/common.x,380,11,contains,definition,String,,This declares or defines the named method or protocol member; removing it changes the API.,lib/common.x:380 (method declaration/definition),"int String.contains(String, String);",True,runtime
lib/common.x:381:11,lib/common.x,381,11,getindex,definition,String,,This declares or defines the named method or protocol member; removing it changes the API.,lib/common.x:381 (method declaration/definition),"int String.getindex(String, int);",True,runtime
lib/common.x:383:14,lib/common.x,383,14,str,definition,Symbol,,This declares or defines the named method or protocol member; removing it changes the API.,lib/common.x:383 (method declaration/definition),String Symbol.str(Symbol);,True,runtime
lib/common.x:392:8,lib/common.x,392,8,equal,definition,Var,,This declares or defines the named method or protocol member; removing it changes the API.,lib/common.x:392 (method declaration/definition),"int Var.equal(Var a, Var b);",True,runtime
lib/common.x:399:8,lib/common.x,399,8,truth,definition,Var,,This declares or defines the named method or protocol member; removing it changes the API.,lib/common.x:399 (method declaration/definition),int Var.truth(Var value);,True,runtime
lib/common.x:402:8,lib/common.x,402,8,contains,definition,Var,,This declares or defines the named method or protocol member; removing it changes the API.,lib/common.x:402 (method declaration/definition),"int Var.contains(Var value, Var needle);",True,runtime
lib/common.x:403:8,lib/common.x,403,8,add,definition,Var,,This declares or defines the named method or protocol member; removing it changes the API.,lib/common.x:403 (method declaration/definition),"Var Var.add(Var lhs, Var rhs);",True,runtime
lib/common.x:404:8,lib/common.x,404,8,sub,definition,Var,,This declares or defines the named method or protocol member; removing it changes the API.,lib/common.x:404 (method declaration/definition),"Var Var.sub(Var lhs, Var rhs);",True,runtime
lib/common.x:405:8,lib/common.x,405,8,mul,definition,Var,,This declares or defines the named method or protocol member; removing it changes the API.,lib/common.x:405 (method declaration/definition),"Var Var.mul(Var lhs, Var rhs);",True,runtime
lib/common.x:406:8,lib/common.x,406,8,div,definition,Var,,This declares or defines the named method or protocol member; removing it changes the API.,lib/common.x:406 (method declaration/definition),"Var Var.div(Var lhs, Var rhs);",True,runtime
lib/common.x:407:8,lib/common.x,407,8,mod,definition,Var,,This declares or defines the named method or protocol member; removing it changes the API.,lib/common.x:407 (method declaration/definition),"Var Var.mod(Var lhs, Var rhs);",True,runtime
lib/common.x:408:8,lib/common.x,408,8,neg,definition,Var,,This declares or defines the named method or protocol member; removing it changes the API.,lib/common.x:408 (method declaration/definition),Var Var.neg(Var value);,True,runtime
lib/common.x:409:8,lib/common.x,409,8,getindex,definition,Var,,This declares or defines the named method or protocol member; removing it changes the API.,lib/common.x:409 (method declaration/definition),"Var Var.getindex(Var value, Var key);",True,runtime
lib/common.x:410:8,lib/common.x,410,8,setindex,definition,Var,,This declares or defines the named method or protocol member; removing it changes the API.,lib/common.x:410 (method declaration/definition),"Var Var.setindex(Var value, Var key, Var replacement);",True,runtime
lib/common.x:411:8,lib/common.x,411,8,updateindex,definition,Var,,This declares or defines the named method or protocol member; removing it changes the API.,lib/common.x:411 (method declaration/definition),"Var Var.updateindex(Var value, Var key, Symbol op, Var rhs);",True,runtime
lib/common.x:412:8,lib/common.x,412,8,postfixindex,definition,Var,,This declares or defines the named method or protocol member; removing it changes the API.,lib/common.x:412 (method declaration/definition),"Var Var.postfixindex(Var value, Var key, Symbol op);",True,runtime
lib/common.x:422:16,lib/common.x,422,16,truth,definition,Iter,,This declares or defines the named method or protocol member; removing it changes the API.,lib/common.x:422 (method declaration/definition),inline int Iter.truth(Iter iter) => iter != NULL;,True,runtime
lib/common.x:425:16,lib/common.x,425,16,truth,definition,List,,This declares or defines the named method or protocol member; removing it changes the API.,lib/common.x:425 (method declaration/definition),inline int List.truth(List list) => list != NULL;,True,runtime
lib/common.x:429:18,lib/common.x,429,18,truth,definition,String,,This declares or defines the named method or protocol member; removing it changes the API.,lib/common.x:429 (method declaration/definition),inline int String.truth(String string) => string != NULL && *string != '\0';,True,runtime
lib/common.x:579:22,lib/common.x,579,22,str,definition,$type,,This declares or defines the named method or protocol member; removing it changes the API.,lib/common.x:579 (method declaration/definition),inline String $type.str($parameter) {,False,runtime
lib/common.x:581:7,lib/common.x,581,7,str,required_call,Var,,"The generated wrapper boxes its native value, then calls Var.str for display; payload conversion would differ.",lib/common.x:581; lib/dispatch.x:75 (Var display dispatch); src/expressions.x:3136 (implicit conversion),.str();,True,runtime
lib/common.x:608:19,lib/common.x,608,19,str,definition,long,,This declares or defines the named method or protocol member; removing it changes the API.,lib/common.x:608 (method declaration/definition),inline String long.str(long l)           => l.var().str();,True,runtime
lib/common.x:608:52,lib/common.x,608,52,str,required_call,Var,,long.str boxes the long and calls Var.str to preserve numeric display.,lib/common.x:608; lib/dispatch.x:75 (Var display dispatch); src/expressions.x:3136 (implicit conversion),inline String long.str(long l)           => l.var().str();,True,runtime
lib/context.x:134:26,lib/context.x,134,26,str,required_call,Var,,This value needs its display spelling; Var.str or the typed spelling method is not equivalent to implicit Var-to-String payload extraction.,lib/context.x:134; lib/dispatch.x:75 (Var display dispatch); src/expressions.x:3136 (implicit conversion),String spelling = value.str();,True,runtime
lib/datum.x:38:21,lib/datum.x,38,21,str,required_call,Var,,This value needs its display spelling; Var.str or the typed spelling method is not equivalent to implicit Var-to-String payload extraction.,lib/datum.x:38; lib/dispatch.x:75 (Var display dispatch); src/expressions.x:3136 (implicit conversion),String text = head.str();,True,runtime
lib/datum.x:89:22,lib/datum.x,89,22,str,required_call,Var,,This value needs its display spelling; Var.str or the typed spelling method is not equivalent to implicit Var-to-String payload extraction.,lib/datum.x:89; lib/dispatch.x:75 (Var display dispatch); src/expressions.x:3136 (implicit conversion),String text = value.str();,True,runtime
lib/datum.x:104:54,lib/datum.x,104,54,str,required_call,Symbol,,This value needs its display spelling; Var.str or the typed spelling method is not equivalent to implicit Var-to-String payload extraction.,lib/datum.x:104; lib/dispatch.x:75 (Var display dispatch); src/expressions.x:3136 (implicit conversion),"out.printf(""(x2c.number %s \"""", (char *) number.tag.str());",True,runtime
lib/datum.x:153:26,lib/datum.x,153,26,str,required_call,Var,,This value needs its display spelling; Var.str or the typed spelling method is not equivalent to implicit Var-to-String payload extraction.,lib/datum.x:153; lib/dispatch.x:75 (Var display dispatch); src/expressions.x:3136 (implicit conversion),String tag = list.car().str();,True,runtime
lib/datum.x:157:56,lib/datum.x,157,56,str,required_call,Var,,This value needs its display spelling; Var.str or the typed spelling method is not equivalent to implicit Var-to-String payload extraction.,lib/datum.x:157; lib/dispatch.x:75 (Var display dispatch); src/expressions.x:3136 (implicit conversion),"if (tag == ""x2c.atom"") return Atom.intern(list.cadr().str());",True,runtime
lib/datum.x:158:57,lib/datum.x,158,57,str,required_call,Var,,This value needs its display spelling; Var.str or the typed spelling method is not equivalent to implicit Var-to-String payload extraction.,lib/datum.x:158; lib/dispatch.x:75 (Var display dispatch); src/expressions.x:3136 (implicit conversion),"if (tag == ""x2c.symbol"") return Symbol.new(list.cadr().str());",True,runtime
lib/datum.x:160:38,lib/datum.x,160,38,str,required_call,Var,,This value needs its display spelling; Var.str or the typed spelling method is not equivalent to implicit Var-to-String payload extraction.,lib/datum.x:160; lib/dispatch.x:75 (Var display dispatch); src/expressions.x:3136 (implicit conversion),"return _decode_number(list.cadr().str(), list.caddr().str());",True,runtime
lib/datum.x:160:58,lib/datum.x,160,58,str,required_call,Var,,This value needs its display spelling; Var.str or the typed spelling method is not equivalent to implicit Var-to-String payload extraction.,lib/datum.x:160; lib/dispatch.x:75 (Var display dispatch); src/expressions.x:3136 (implicit conversion),"return _decode_number(list.cadr().str(), list.caddr().str());",True,runtime
lib/dispatch.x:75:11,lib/dispatch.x,75,11,str,definition,Var,,This declares or defines the named method; it is not a call-site substitution.,lib/dispatch.x:75 (method declaration/definition),String Var.str(Var v) {,False,runtime
lib/dispatch.x:77:70,lib/dispatch.x,77,70,str,required_call,VarDescriptor callback,,This invokes a selected descriptor function pointer; punctuation would dispatch again or lose callback identity.,lib/dispatch.x:77; lib/dispatch.x:75 (Var display dispatch); src/expressions.x:3136 (implicit conversion),if (descriptor && descriptor.methods.str) return descriptor.methods.str(v);,True,runtime
lib/dispatch.x:112:37,lib/dispatch.x,112,37,str,required_call,Symbol,,The explicit receiver display/spelling method supplies String text; no proved operator replacement preserves its type and ownership contract.,lib/dispatch.x:112; lib/dispatch.x:75 (Var display dispatch); src/expressions.x:3136 (implicit conversion),"return ""<%s: 0x%012lX>"".printf(tag.str(), (long) v.pointer());",True,runtime
lib/dispatch.x:128:47,lib/dispatch.x,128,47,str,required_call,VarDescriptor callback,,This invokes a selected descriptor function pointer; punctuation would dispatch again or lose callback identity.,lib/dispatch.x:128; lib/dispatch.x:75 (Var display dispatch); src/expressions.x:3136 (implicit conversion),"return _write_text(out, descriptor.methods.str(v));",True,runtime
lib/dispatch.x:174:70,lib/dispatch.x,174,70,str,required_call,VarDescriptor callback,,This invokes a selected descriptor function pointer; punctuation would dispatch again or lose callback identity.,lib/dispatch.x:174; lib/dispatch.x:75 (Var display dispatch); src/expressions.x:3136 (implicit conversion),if (descriptor && descriptor.methods.str) return descriptor.methods.str(v);,True,runtime
lib/dispatch.x:203:47,lib/dispatch.x,203,47,str,required_call,VarDescriptor callback,,This invokes a selected descriptor function pointer; punctuation would dispatch again or lose callback identity.,lib/dispatch.x:203; lib/dispatch.x:75 (Var display dispatch); src/expressions.x:3136 (implicit conversion),"return _write_text(out, descriptor.methods.str(v));",True,runtime
lib/dispatch.x:365:8,lib/dispatch.x,365,8,equal,definition,Var,,This declares or defines the named method; it is not a call-site substitution.,lib/dispatch.x:365 (method declaration/definition),"int Var.equal(Var a, Var b) {",False,runtime
lib/dispatch.x:375:23,lib/dispatch.x,375,23,equal,required_call,VarDescriptor callback,,This invokes a selected descriptor function pointer; punctuation would dispatch again or lose callback identity.,lib/dispatch.x:375; docs/src/reference/language.md:2954 (membership); lib/list.x:128 (List equality),"? row.methods.equal(a, b) : 0;",True,runtime
lib/dispatch.x:382:32,lib/dispatch.x,382,32,equal,required_call,VarDescriptor callback,,This invokes a selected descriptor function pointer; punctuation would dispatch again or lose callback identity.,lib/dispatch.x:382; docs/src/reference/language.md:2954 (membership); lib/list.x:128 (List equality),"return descriptor.methods.equal(a, b);",True,runtime
lib/dispatch.x:537:21,lib/dispatch.x,537,21,iter,definition,Var,,This declares or defines the named method; it is not a call-site substitution.,lib/dispatch.x:537 (method declaration/definition),"meta native Iter Var.iter(Var x, Iter dest) {",False,runtime
lib/dispatch.x:542:30,lib/dispatch.x,542,30,iter,required_call,VarDescriptor callback,,This invokes a selected descriptor function pointer; punctuation would dispatch again or lose callback identity.,lib/dispatch.x:542; lib/list.x:273 (Iter destination storage),"return descriptor.methods.iter(x, dest);",True,runtime
lib/dispatch.x:562:20,lib/dispatch.x,562,20,contains,definition,Var,,This declares or defines the named method; it is not a call-site substitution.,lib/dispatch.x:562 (method declaration/definition),"meta native int Var.contains(Var value, Var needle) {",False,runtime
lib/dispatch.x:568:30,lib/dispatch.x,568,30,contains,required_call,VarDescriptor callback,,This invokes a selected descriptor function pointer; punctuation would dispatch again or lose callback identity.,lib/dispatch.x:568; docs/src/reference/language.md:2954 (membership); lib/list.x:128 (List equality),"return descriptor.methods.contains(value, needle);",True,runtime
lib/dispatch.x:577:20,lib/dispatch.x,577,20,getindex,definition,Var,,This declares or defines the named method; it is not a call-site substitution.,lib/dispatch.x:577 (method declaration/definition),"meta native Var Var.getindex(Var value, Var key) {",False,runtime
lib/dispatch.x:583:30,lib/dispatch.x,583,30,getindex,required_call,VarDescriptor callback,,This invokes a selected descriptor function pointer; punctuation would dispatch again or lose callback identity.,lib/dispatch.x:583; lib/dispatch.x:577 (getindex dispatch); docs/src/reference/language.md:3275 (bracket protocol),"return descriptor.methods.getindex(value, key);",True,runtime
lib/dispatch.x:592:20,lib/dispatch.x,592,20,setindex,definition,Var,,This declares or defines the named method; it is not a call-site substitution.,lib/dispatch.x:592 (method declaration/definition),"meta native Var Var.setindex(Var value, Var key, Var replacement) {",False,runtime
lib/dispatch.x:599:30,lib/dispatch.x,599,30,setindex,required_call,VarDescriptor callback,,This invokes a selected descriptor function pointer; punctuation would dispatch again or lose callback identity.,lib/dispatch.x:599; lib/dispatch.x:577 (getindex dispatch); docs/src/reference/language.md:3275 (bracket protocol),"return descriptor.methods.setindex(value, key, replacement);",True,runtime
lib/dispatch.x:610:20,lib/dispatch.x,610,20,updateindex,definition,Var,,This declares or defines the named method; it is not a call-site substitution.,lib/dispatch.x:610 (method declaration/definition),"meta native Var Var.updateindex(Var value, Var key, Symbol op, Var rhs) {",False,runtime
lib/dispatch.x:617:30,lib/dispatch.x,617,30,updateindex,required_call,VarDescriptor callback,,This invokes a selected descriptor function pointer; punctuation would dispatch again or lose callback identity.,lib/dispatch.x:617; lib/dispatch.x:577 (getindex dispatch); docs/src/reference/language.md:3275 (bracket protocol),"return descriptor.methods.updateindex(value, key, op, rhs);",True,runtime
lib/dispatch.x:626:20,lib/dispatch.x,626,20,postfixindex,definition,Var,,This declares or defines the named method; it is not a call-site substitution.,lib/dispatch.x:626 (method declaration/definition),"meta native Var Var.postfixindex(Var value, Var key, Symbol op) {",False,runtime
lib/dispatch.x:632:30,lib/dispatch.x,632,30,postfixindex,required_call,VarDescriptor callback,,This invokes a selected descriptor function pointer; punctuation would dispatch again or lose callback identity.,lib/dispatch.x:632; lib/dispatch.x:577 (getindex dispatch); docs/src/reference/language.md:3275 (bracket protocol),"return descriptor.methods.postfixindex(value, key, op);",True,runtime
lib/dispatch.x:665:28,lib/dispatch.x,665,28,truth,required_call,VarDescriptor callback,,This invokes a selected descriptor function pointer; punctuation would dispatch again or lose callback identity.,lib/dispatch.x:665; lib/dispatch.x:659 (Var truth dispatch),return descriptor.methods.truth(value);,True,runtime
lib/dispatch.x:706:30,lib/dispatch.x,706,30,neg,required_call,VarDescriptor callback,,This invokes a selected descriptor function pointer; punctuation would dispatch again or lose callback identity.,lib/dispatch.x:706; lib/varops.x:108 (arithmetic dispatch),result = descriptor.methods.neg(value);,True,runtime
lib/dispatch.x:854:69,lib/dispatch.x,854,69,str,required_call,Symbol,,The explicit receiver display/spelling method supplies String text; no proved operator replacement preserves its type and ownership contract.,lib/dispatch.x:854; lib/dispatch.x:75 (Var display dispatch); src/expressions.x:3136 (implicit conversion),"stderr, ""Var descriptor: explicit tag <%s> is built in\n"", tag.str());",True,runtime
lib/dispatch.x:882:10,lib/dispatch.x,882,10,str,required_call,Symbol,,The explicit receiver display/spelling method supplies String text; no proved operator replacement preserves its type and ownership contract.,lib/dispatch.x:882; lib/dispatch.x:75 (Var display dispatch); src/expressions.x:3136 (implicit conversion),"tag.str(), (char *) descriptor.name, (char *) name);",True,runtime
lib/error.x:89:12,lib/error.x,89,12,str,definition,Atom,,This declares or defines the named method; it is not a call-site substitution.,lib/error.x:89 (method declaration/definition),String Atom.str(Atom atom);,True,runtime
lib/error.x:367:42,lib/error.x,367,42,str,required_call,Atom/Var,,This value needs its display spelling; Var.str or the typed spelling method is not equivalent to implicit Var-to-String payload extraction.,lib/error.x:367; lib/dispatch.x:75 (Var display dispatch); src/expressions.x:3136 (implicit conversion),String source = value is <lsym> ? value.str() : value.string();,True,runtime
lib/error.x:381:42,lib/error.x,381,42,str,required_call,Atom/Var,,This value needs its display spelling; Var.str or the typed spelling method is not equivalent to implicit Var-to-String payload extraction.,lib/error.x:381; lib/dispatch.x:75 (Var display dispatch); src/expressions.x:3136 (implicit conversion),if (atom is <lsym>) String.try_own(atom.str());,True,runtime
lib/error.x:657:9,lib/error.x,657,9,setindex,safe_candidate,Map,policy[code] = disposition,Map.setindex delegates to Map.set with the same key and value.,lib/error.x:657; lib/dispatch.x:577 (getindex dispatch); docs/src/reference/language.md:3275 (bracket protocol),"policy.setindex(code, disposition);",True,runtime
lib/error.x:762:13,lib/error.x,762,13,setindex,safe_candidate,Map,policy[adopted.pairs[i]] = adopted.pairs[i + 1],Map.setindex delegates to Map.set with the same ordered operands.,lib/error.x:762; lib/dispatch.x:577 (getindex dispatch); docs/src/reference/language.md:3275 (bracket protocol),"policy.setindex(adopted.pairs[i], adopted.pairs[i + 1]);",True,runtime
lib/file.x:358:10,lib/file.x,358,10,iter,definition,File,,This declares or defines the named method; it is not a call-site substitution.,lib/file.x:358 (method declaration/definition),"Iter File.iter(File file, Iter dest) {",False,runtime
lib/file.x:473:9,lib/file.x,473,9,equal,definition,File,,This declares or defines the named method; it is not a call-site substitution.,lib/file.x:473 (method declaration/definition),"int File.equal(File x, File y) => (void *) x == (void *) y;",True,runtime
lib/file.x:487:12,lib/file.x,487,12,str,definition,File,,This declares or defines the named method; it is not a call-site substitution.,lib/file.x:487 (method declaration/definition),String File.str(File file) => file ? file.string() : Var.pointer_string(file);,True,runtime
lib/func.x:308:14,lib/func.x,308,14,equal,safe_candidate,List,target != declared_target,"For statically typed List operands, == emits List_equal; preserve the enclosing negation.",lib/func.x:308; docs/src/reference/language.md:2954 (membership); lib/list.x:128 (List equality),!target.equal(declared_target) ||,False,runtime
lib/func.x:324:16,lib/func.x,324,16,equal,safe_candidate,List,target == source,"For statically typed List operands, == emits List_equal, not Var identity.",lib/func.x:324; docs/src/reference/language.md:2954 (membership); lib/list.x:128 (List equality),target.equal(source);,True,runtime
lib/iter.x:203:10,lib/iter.x,203,10,iter,definition,Iter,,This declares or defines the named method; it is not a call-site substitution.,lib/iter.x:203 (method declaration/definition),"Iter Iter.iter(Iter x, Iter dest) {",False,runtime
lib/iter.x:308:34,lib/iter.x,308,34,str,comment_or_string,documented sample,,"This occurrence is inside a documentation comment, not executed runtime code.",lib/iter.x:308 (documentation comment),"printf(""%s\n"", squares.list().str());",True,runtime
lib/iter.x:600:14,lib/iter.x,600,14,contains,safe_candidate,Map,!(value in seen),The in operator selects Map.contains for the Var key.,lib/iter.x:600; docs/src/reference/language.md:2954 (membership); lib/list.x:128 (List equality),if (!seen.contains(value)) {,False,runtime
lib/iter.x:614:43,lib/iter.x,614,43,iter,comment_or_string,documented sample,,"This occurrence is inside a documentation comment, not executed runtime code.",lib/iter.x:614 (documentation comment),`shared`. Passing nonnull storage to `.iter(&storage)` performs the `Var`,False,runtime
lib/iter.x:630:25,lib/iter.x,630,25,iter,comment_or_string,documented sample,,"This occurrence is inside a documentation comment, not executed runtime code.",lib/iter.x:630 (documentation comment),"Iter columns = pairs.iter(&source_storage).unzip(&shared,",False,runtime
lib/iter.x:632:32,lib/iter.x,632,32,iter,comment_or_string,documented sample,,"This occurrence is inside a documentation comment, not executed runtime code.",lib/iter.x:632 (documentation comment),Iter lefts = columns.next().iter(&left_storage);,True,runtime
lib/iter.x:633:33,lib/iter.x,633,33,iter,comment_or_string,documented sample,,"This occurrence is inside a documentation comment, not executed runtime code.",lib/iter.x:633 (documentation comment),Iter rights = columns.next().iter(&right_storage);,True,runtime
lib/iter.x:634:35,lib/iter.x,634,35,str,comment_or_string,documented sample,,"This occurrence is inside a documentation comment, not executed runtime code.",lib/iter.x:634 (documentation comment),"printf(""%s %s\n"", lefts.list().str(), rights.list().str());",True,runtime
lib/iter.x:634:56,lib/iter.x,634,56,str,comment_or_string,documented sample,,"This occurrence is inside a documentation comment, not executed runtime code.",lib/iter.x:634 (documentation comment),"printf(""%s %s\n"", lefts.list().str(), rights.list().str());",True,runtime
lib/json.x:59:16,lib/json.x,59,16,str,definition,JsonBool,,This declares or defines the named method; it is not a call-site substitution.,lib/json.x:59 (method declaration/definition),"String JsonBool.str(JsonBool value) => value.value ? ""true"" : ""false"";",True,runtime
lib/json.x:65:13,lib/json.x,65,13,truth,definition,JsonBool,,This declares or defines the named method; it is not a call-site substitution.,lib/json.x:65 (method declaration/definition),int JsonBool.truth(JsonBool value) => value.value != 0;,True,runtime
lib/json.x:81:26,lib/json.x,81,26,truth,conditional_candidate,JsonBool,!!value.jsonbool(),"JsonBool.truth is a field test, but confirm truth protocol selection and error path for this typed receiver.",lib/json.x:81; lib/dispatch.x:659 (Var truth dispatch),return value.jsonbool().truth();,True,runtime
lib/json.x:409:61,lib/json.x,409,61,str,conditional_candidate,JsonBool,w.out.write(value.jsonbool()),"The argument is String-typed, but implicit JsonBool-to-String conversion has not been compared with JsonBool.str.",lib/json.x:409; lib/json.x:59 (JsonBool.str),else if (value is <jsonbool>) w.out.write(value.jsonbool().str());,True,runtime
lib/json.x:411:31,lib/json.x,411,31,str,required_call,Var,,"JSON accepts String and Atom/Symbol keys; Var.str displays both, while Var-to-String extracts only a String payload.",lib/json.x:411; lib/dispatch.x:75 (Var display dispatch); src/expressions.x:3136 (implicit conversion),"_write_string(w.out, value.str());",True,runtime
lib/json.x:443:33,lib/json.x,443,33,str,required_call,Var,,"JSON accepts String and Atom/Symbol keys; Var.str displays both, while Var-to-String extracts only a String payload.",lib/json.x:443; lib/dispatch.x:75 (Var display dispatch); src/expressions.x:3136 (implicit conversion),names.sort_by(%!(name) => name.str());,True,runtime
lib/json.x:448:23,lib/json.x,448,23,str,required_call,Var,,"JSON accepts String and Atom/Symbol keys; Var.str displays both, while Var-to-String extracts only a String payload.",lib/json.x:448; lib/dispatch.x:75 (Var display dispatch); src/expressions.x:3136 (implicit conversion),String text = name.str();,True,runtime
lib/lisp-init.x:141:22,lib/lisp-init.x,141,22,str,required_call,Var/Atom,,This value needs its display spelling; Var.str or the typed spelling method is not equivalent to implicit Var-to-String payload extraction.,lib/lisp-init.x:141; lib/dispatch.x:75 (Var display dispatch); src/expressions.x:3136 (implicit conversion),String name = value.str();,True,runtime
lib/lisp.x:198:42,lib/lisp.x,198,42,str,required_call,Var/Atom,,This value needs its display spelling; Var.str or the typed spelling method is not equivalent to implicit Var-to-String payload extraction.,lib/lisp.x:198; lib/dispatch.x:75 (Var display dispatch); src/expressions.x:3136 (implicit conversion),if (values[i] is <lsym> && !values[i].str().try_own()) return;,True,runtime
lib/lisp.x:326:31,lib/lisp.x,326,31,str,required_call,Var/Atom,,This value needs its display spelling; Var.str or the typed spelling method is not equivalent to implicit Var-to-String payload extraction.,lib/lisp.x:326; lib/dispatch.x:75 (Var display dispatch); src/expressions.x:3136 (implicit conversion),"if (lisp.protect_x2c && name.str().startswith(""x2c.""))",False,runtime
lib/lisp.x:663:31,lib/lisp.x,663,31,str,required_call,Var/Atom,,This value needs its display spelling; Var.str or the typed spelling method is not equivalent to implicit Var-to-String payload extraction.,lib/lisp.x:663; lib/dispatch.x:75 (Var display dispatch); src/expressions.x:3136 (implicit conversion),"if (name.is_atom() && name.str() == ""."") {",False,runtime
lib/lisp.x:1309:33,lib/lisp.x,1309,33,str,required_call,Var/Atom,,This value needs its display spelling; Var.str or the typed spelling method is not equivalent to implicit Var-to-String payload extraction.,lib/lisp.x:1309; lib/dispatch.x:75 (Var display dispatch); src/expressions.x:3136 (implicit conversion),Var lisp_str(Var value) => value.str();,True,runtime
lib/list.x:128:9,lib/list.x,128,9,equal,definition,List,,This declares or defines the named method; it is not a call-site substitution.,lib/list.x:128 (method declaration/definition),"int List.equal(List a, List b) {",False,runtime
lib/list.x:199:34,lib/list.x,199,34,str,required_call,Var/Atom,,The explicit display method materializes a canonical String; no bracket or implicit payload conversion preserves that contract.,lib/list.x:199; lib/dispatch.x:75 (Var display dispatch); src/expressions.x:3136 (implicit conversion),if (node is <lsym>) return node.str().try_own();,True,runtime
lib/list.x:273:10,lib/list.x,273,10,iter,definition,List,,This declares or defines the named method; it is not a call-site substitution.,lib/list.x:273 (method declaration/definition),"Iter List.iter(List lst, Iter dest) {",False,runtime
lib/list.x:460:9,lib/list.x,460,9,contains,definition,List,,This declares or defines the named method; it is not a call-site substitution.,lib/list.x:460 (method declaration/definition),"int List.contains(List lst, Var key) => lst.index(key) != -1;",True,runtime
lib/list.x:473:9,lib/list.x,473,9,getindex,definition,List,,This declares or defines the named method; it is not a call-site substitution.,lib/list.x:473 (method declaration/definition),"Var List.getindex(List list, int index) {",False,runtime
lib/list.x:642:13,lib/list.x,642,13,iter,required_call,List,,The explicit iterator and destination storage establish borrowing/lifetime; foreach or implicit iteration would change that contract.,lib/list.x:642; lib/list.x:273 (Iter destination storage),"return lst.iter(&storage).foldl(seed, fn);",True,runtime
lib/list.x:653:13,lib/list.x,653,13,iter,required_call,List,,The explicit iterator and destination storage establish borrowing/lifetime; foreach or implicit iteration would change that contract.,lib/list.x:653; lib/list.x:273 (Iter destination storage),return lst.iter(&storage).find(pred);,True,runtime
lib/list.x:664:13,lib/list.x,664,13,iter,required_call,List,,The explicit iterator and destination storage establish borrowing/lifetime; foreach or implicit iteration would change that contract.,lib/list.x:664; lib/list.x:273 (Iter destination storage),return lst.iter(&storage).any(pred);,True,runtime
lib/list.x:675:13,lib/list.x,675,13,iter,required_call,List,,The explicit iterator and destination storage establish borrowing/lifetime; foreach or implicit iteration would change that contract.,lib/list.x:675; lib/list.x:273 (Iter destination storage),return lst.iter(&storage).all(pred);,True,runtime
lib/list.x:754:20,lib/list.x,754,20,iter,required_call,List,,The explicit iterator and destination storage establish borrowing/lifetime; foreach or implicit iteration would change that contract.,lib/list.x:754; lib/list.x:273 (Iter destination storage),Iter iter = lst.iter(&iter_storage);,True,runtime
lib/list.x:895:12,lib/list.x,895,12,str,definition,List,,This declares or defines the named method; it is not a call-site substitution.,lib/list.x:895 (method declaration/definition),String List.str(List lst) {,False,runtime
lib/logger.x:645:26,lib/logger.x,645,26,str,required_call,Var/Atom,,This value needs its display spelling; Var.str or the typed spelling method is not equivalent to implicit Var-to-String payload extraction.,lib/logger.x:645; lib/dispatch.x:75 (Var display dispatch); src/expressions.x:3136 (implicit conversion),String spelling = value.str();,True,runtime
lib/macro-value.x:213:44,lib/macro-value.x,213,44,str,required_call,Var/Atom,,This value needs its display spelling; Var.str or the typed spelling method is not equivalent to implicit Var-to-String payload extraction.,lib/macro-value.x:213; lib/dispatch.x:75 (Var display dispatch); src/expressions.x:3136 (implicit conversion),"selected = Atom.intern(""*"" + selected.str()[1:]);",True,runtime
lib/macro-value.x:237:54,lib/macro-value.x,237,54,str,required_call,Var/Atom,,This value needs its display spelling; Var.str or the typed spelling method is not equivalent to implicit Var-to-String payload extraction.,lib/macro-value.x:237; lib/dispatch.x:75 (Var display dispatch); src/expressions.x:3136 (implicit conversion),"String prefix = sequence ? ""*"" : ""?"", name = binder.str();",True,runtime
lib/macro-value.x:247:57,lib/macro-value.x,247,57,str,required_call,Var/Atom,,This value needs its display spelling; Var.str or the typed spelling method is not equivalent to implicit Var-to-String payload extraction.,lib/macro-value.x:247; lib/dispatch.x:75 (Var display dispatch); src/expressions.x:3136 (implicit conversion),"Atom.intern(%""?__macro_identity_${hole.assoc(<binder>).str()[1:]}"");",True,runtime
lib/macro-value.x:364:55,lib/macro-value.x,364,55,str,required_call,Var/Atom,,This value needs its display spelling; Var.str or the typed spelling method is not equivalent to implicit Var-to-String payload extraction.,lib/macro-value.x:364; lib/dispatch.x:75 (Var display dispatch); src/expressions.x:3136 (implicit conversion),List literal = %(expr $result (literal (int) ${value.str()}));,True,runtime
lib/macro-value.x:459:16,lib/macro-value.x,459,16,str,required_call,Var/Atom,,This value needs its display spelling; Var.str or the typed spelling method is not equivalent to implicit Var-to-String payload extraction.,lib/macro-value.x:459; lib/dispatch.x:75 (Var display dispatch); src/expressions.x:3136 (implicit conversion),return form.str().len() > 1 && form.str()[0] == '*' ? form : NULL;,True,runtime
lib/macro-value.x:459:40,lib/macro-value.x,459,40,str,required_call,Var/Atom,,This value needs its display spelling; Var.str or the typed spelling method is not equivalent to implicit Var-to-String payload extraction.,lib/macro-value.x:459; lib/dispatch.x:75 (Var display dispatch); src/expressions.x:3136 (implicit conversion),return form.str().len() > 1 && form.str()[0] == '*' ? form : NULL;,True,runtime
lib/macro-value.x:519:46,lib/macro-value.x,519,46,str,required_call,Var/Atom,,This value needs its display spelling; Var.str or the typed spelling method is not equivalent to implicit Var-to-String payload extraction.,lib/macro-value.x:519; lib/dispatch.x:75 (Var display dispatch); src/expressions.x:3136 (implicit conversion),if (descriptor.is_atom()) return descriptor.str() == t.assoc(<name>).str();,True,runtime
lib/macro-value.x:519:71,lib/macro-value.x,519,71,str,required_call,Var/Atom,,This value needs its display spelling; Var.str or the typed spelling method is not equivalent to implicit Var-to-String payload extraction.,lib/macro-value.x:519; lib/dispatch.x:75 (Var display dispatch); src/expressions.x:3136 (implicit conversion),if (descriptor.is_atom()) return descriptor.str() == t.assoc(<name>).str();,True,runtime
lib/macro-value.x:524:26,lib/macro-value.x,524,26,str,required_call,Var/Atom,,This value needs its display spelling; Var.str or the typed spelling method is not equivalent to implicit Var-to-String payload extraction.,lib/macro-value.x:524; lib/dispatch.x:75 (Var display dispatch); src/expressions.x:3136 (implicit conversion),stored.assoc(<name>).str() == t.assoc(<name>).str() &&,False,runtime
lib/macro-value.x:524:51,lib/macro-value.x,524,51,str,required_call,Var/Atom,,This value needs its display spelling; Var.str or the typed spelling method is not equivalent to implicit Var-to-String payload extraction.,lib/macro-value.x:524; lib/dispatch.x:75 (Var display dispatch); src/expressions.x:3136 (implicit conversion),stored.assoc(<name>).str() == t.assoc(<name>).str() &&,False,runtime
lib/macro-value.x:564:31,lib/macro-value.x,564,31,str,required_call,Var/Atom,,This value needs its display spelling; Var.str or the typed spelling method is not equivalent to implicit Var-to-String payload extraction.,lib/macro-value.x:564; lib/dispatch.x:75 (Var display dispatch); src/expressions.x:3136 (implicit conversion),"String label = names.car().str(), prefix = label[0:1];",True,runtime
lib/map-generics.xmacro:26:37,lib/map-generics.xmacro,26,37,equal,safe_candidate,List,alist == blist,"For statically typed List operands, == emits List_equal, retaining exact List element identity semantics.",lib/map-generics.xmacro:26; docs/src/reference/language.md:2954 (membership); lib/list.x:128 (List equality),if (alist && blist) return alist.equal(blist);,True,runtime
lib/map-generics.xmacro:28:34,lib/map-generics.xmacro,28,34,equal,safe_candidate,String,astr == bstr,"For statically typed String operands, == emits String_equal, including transient String handling.",lib/map-generics.xmacro:28; docs/src/reference/language.md:2954 (membership); lib/list.x:128 (List equality),if (astr && bstr) return astr.equal(bstr);,True,runtime
lib/map-generics.xmacro:369:14,lib/map-generics.xmacro,369,14,getindex,definition,$map,,This declares or defines the named method; it is not a call-site substitution.,lib/map-generics.xmacro:369 (method declaration/definition),"$value $map.getindex($map, $key);",True,runtime
lib/map-generics.xmacro:372:11,lib/map-generics.xmacro,372,11,contains,definition,$map,,This declares or defines the named method; it is not a call-site substitution.,lib/map-generics.xmacro:372 (method declaration/definition),"int $map.contains($map, $key);",True,runtime
lib/map-generics.xmacro:374:14,lib/map-generics.xmacro,374,14,setindex,definition,$map,,This declares or defines the named method; it is not a call-site substitution.,lib/map-generics.xmacro:374 (method declaration/definition),"$value $map.setindex($map, $key, $value);",True,runtime
lib/map-generics.xmacro:375:14,lib/map-generics.xmacro,375,14,updateindex,definition,$map,,This declares or defines the named method; it is not a call-site substitution.,lib/map-generics.xmacro:375 (method declaration/definition),"$value $map.updateindex($map, $key, Symbol, $value);",True,runtime
lib/map-generics.xmacro:376:14,lib/map-generics.xmacro,376,14,postfixindex,definition,$map,,This declares or defines the named method; it is not a call-site substitution.,lib/map-generics.xmacro:376 (method declaration/definition),"$value $map.postfixindex($map, $key, Symbol);",True,runtime
lib/map-generics.xmacro:383:11,lib/map-generics.xmacro,383,11,truth,definition,$map,,This declares or defines the named method; it is not a call-site substitution.,lib/map-generics.xmacro:383 (method declaration/definition),int $map.truth($map);,True,runtime
lib/map-generics.xmacro:384:11,lib/map-generics.xmacro,384,11,equal,definition,$map,,This declares or defines the named method; it is not a call-site substitution.,lib/map-generics.xmacro:384 (method declaration/definition),"int $map.equal($map, $map);",True,runtime
lib/map-generics.xmacro:440:14,lib/map-generics.xmacro,440,14,getindex,definition,$map,,This declares or defines the named method; it is not a call-site substitution.,lib/map-generics.xmacro:440 (method declaration/definition),"$value $map.getindex($map map, $key key) {",False,runtime
lib/map-generics.xmacro:468:11,lib/map-generics.xmacro,468,11,contains,definition,$map,,This declares or defines the named method; it is not a call-site substitution.,lib/map-generics.xmacro:468 (method declaration/definition),"int $map.contains($map map, $key key) {",False,runtime
lib/map-generics.xmacro:489:14,lib/map-generics.xmacro,489,14,setindex,definition,$map,,This declares or defines the named method; it is not a call-site substitution.,lib/map-generics.xmacro:489 (method declaration/definition),"$value $map.setindex($map map, $key key, $value val) {",False,runtime
lib/map-generics.xmacro:502:14,lib/map-generics.xmacro,502,14,updateindex,definition,$map,,This declares or defines the named method; it is not a call-site substitution.,lib/map-generics.xmacro:502 (method declaration/definition),"$value $map.updateindex($map map, $key key, Symbol op, $value rhs) {",False,runtime
lib/map-generics.xmacro:534:14,lib/map-generics.xmacro,534,14,postfixindex,definition,$map,,This declares or defines the named method; it is not a call-site substitution.,lib/map-generics.xmacro:534 (method declaration/definition),"$value $map.postfixindex($map map, $key key, Symbol op) {",False,runtime
lib/map-generics.xmacro:608:11,lib/map-generics.xmacro,608,11,truth,definition,$map,,This declares or defines the named method; it is not a call-site substitution.,lib/map-generics.xmacro:608 (method declaration/definition),int $map.truth($map map) {,False,runtime
lib/map-generics.xmacro:615:11,lib/map-generics.xmacro,615,11,equal,definition,$map,,This declares or defines the named method; it is not a call-site substitution.,lib/map-generics.xmacro:615 (method declaration/definition),"int $map.equal($map a, $map b) {",False,runtime
lib/map-generics.xmacro:692:14,lib/map-generics.xmacro,692,14,str,definition,$map,,This declares or defines the named method; it is not a call-site substitution.,lib/map-generics.xmacro:692 (method declaration/definition),String $map.str($map);,True,runtime
lib/map-generics.xmacro:713:13,lib/map-generics.xmacro,713,13,truth,conditional_candidate,$map,!map,"Typed Map truth may route to $map.truth, but verify protocol selection rather than native pointer truth.",lib/map-generics.xmacro:713; lib/dispatch.x:659 (Var truth dispatch),"if (!map.truth()) return out.write(""{ }"");",True,runtime
lib/map-generics.xmacro:718:14,lib/map-generics.xmacro,718,14,str,definition,$map,,This declares or defines the named method; it is not a call-site substitution.,lib/map-generics.xmacro:718 (method declaration/definition),String $map.str($map map) {,False,runtime
lib/map-generics.xmacro:737:12,lib/map-generics.xmacro,737,12,iter,definition,$map,,This declares or defines the named method; it is not a call-site substitution.,lib/map-generics.xmacro:737 (method declaration/definition),"Iter $map.iter($map, Iter);",True,runtime
lib/map-generics.xmacro:781:12,lib/map-generics.xmacro,781,12,iter,definition,$map,,This declares or defines the named method; it is not a call-site substitution.,lib/map-generics.xmacro:781 (method declaration/definition),"Iter $map.iter($map map, Iter dest) {",False,runtime
lib/map-generics.xmacro:835:15,lib/map-generics.xmacro,835,15,iter,definition,$family,,This declares or defines the named method; it is not a call-site substitution.,lib/map-generics.xmacro:835 (method declaration/definition),"Iter $family.iter($family, Iter);",True,runtime
lib/map-generics.xmacro:934:12,lib/map-generics.xmacro,934,12,setindex,conditional_candidate,Map,boxed[$box_key(key)] = $box_value(value),"Bracket assignment selects Map.setindex, but generated macro key/value boxing and evaluation order require a probe.",lib/map-generics.xmacro:934; lib/map-generics.xmacro:489 (Map.setindex),"boxed.setindex($box_key(key), $box_value(value));",True,runtime
lib/meta.x:73:38,lib/meta.x,73,38,str,required_call,int,,The quote inserts literal-token spelling text into the AST; the raw int or Symbol is a different AST value.,lib/meta.x:73; lib/dispatch.x:75 (Var display dispatch); src/expressions.x:3136 (implicit conversion),%(expr (int) (literal (int) ${value.str()}));,True,runtime
lib/meta.x:77:48,lib/meta.x,77,48,str,required_call,Symbol,,The quote inserts literal-token spelling text into the AST; the raw int or Symbol is a different AST value.,lib/meta.x:77; lib/dispatch.x:75 (Var display dispatch); src/expressions.x:3136 (implicit conversion),"%(expr (""Symbol"") (literal (""Symbol"") ${value.str()} $value));",True,runtime
lib/meta.x:371:18,lib/meta.x,371,18,str,required_call,Var,,This value needs its display spelling; Var.str or the typed spelling method is not equivalent to implicit Var-to-String payload extraction.,lib/meta.x:371; lib/dispatch.x:75 (Var display dispatch); src/expressions.x:3136 (implicit conversion),fixed.push(name.str());,True,runtime
lib/native-scalar-types.xmacro:75:37,lib/native-scalar-types.xmacro,75,37,getindex,required_call,Map (compile-time Lisp),,"This is compile-time Lisp syntax, where C bracket punctuation is unavailable.",lib/native-scalar-types.xmacro:75; lib/dispatch.x:577 (getindex dispatch); docs/src/reference/language.md:3275 (bracket protocol),"$(x2c.literal.symbol (car (Map.getindex (native_scalar_types) $type))),",False,runtime
lib/path.x:230:49,lib/path.x,230,49,str,required_call,Path,,The explicit receiver display/spelling method supplies String text; no proved operator replacement preserves its type and ownership contract.,lib/path.x:230; lib/dispatch.x:75 (Var display dispatch); src/expressions.x:3136 (implicit conversion),"long units = source.walk().filter(%!(p) => p.str().endswith("".x"")).count();",True,runtime
lib/process.x:196:23,lib/process.x,196,23,str,required_call,Var,,This value needs its display spelling; Var.str or the typed spelling method is not equivalent to implicit Var-to-String payload extraction.,lib/process.x:196; lib/dispatch.x:75 (Var display dispatch); src/expressions.x:3136 (implicit conversion),String text = word.str();,True,runtime
lib/process.x:606:44,lib/process.x,606,44,str,required_call,Var,,This value needs its display spelling; Var.str or the typed spelling method is not equivalent to implicit Var-to-String payload extraction.,lib/process.x:606; lib/dispatch.x:75 (Var display dispatch); src/expressions.x:3136 (implicit conversion),"foreach (Var name, env.keys()) names[name.str()] = 1;",True,runtime
lib/process.x:611:15,lib/process.x,611,15,contains,safe_candidate,Map,!((equals < 0 ? text : text[:equals]) in names),The in operator selects Map.contains; retain the complete ternary key expression.,lib/process.x:611; docs/src/reference/language.md:2954 (membership); lib/list.x:128 (List equality),if (!names.contains(equals < 0 ? text : text[:equals])) entries.push(text);,True,runtime
lib/protocols.x:22:11,lib/protocols.x,22,11,truth,definition,T,,This declares or defines the named method or protocol member; removing it changes the API.,lib/protocols.x:22 (method declaration/definition),int    T.truth(T);,True,runtime
lib/protocols.x:29:9,lib/protocols.x,29,9,iter,definition,T,,This declares or defines the named method or protocol member; removing it changes the API.,lib/protocols.x:29 (method declaration/definition),"Iter T.iter(T, Iter dest);",True,runtime
lib/protocols.x:37:8,lib/protocols.x,37,8,contains,definition,T,,This declares or defines the named method or protocol member; removing it changes the API.,lib/protocols.x:37 (method declaration/definition),"int T.contains(T, Needle);",True,runtime
lib/protocols.x:63:11,lib/protocols.x,63,11,str,definition,T,,This declares or defines the named method or protocol member; removing it changes the API.,lib/protocols.x:63 (method declaration/definition),String T.str(T);,True,runtime
lib/protocols.x:68:8,lib/protocols.x,68,8,equal,definition,T,,This declares or defines the named method or protocol member; removing it changes the API.,lib/protocols.x:68 (method declaration/definition),"int T.equal(T, T);",True,runtime
lib/protocols.x:70:8,lib/protocols.x,70,8,truth,definition,T,,This declares or defines the named method or protocol member; removing it changes the API.,lib/protocols.x:70 (method declaration/definition),int T.truth(T);,True,runtime
lib/protocols.x:71:9,lib/protocols.x,71,9,iter,definition,T,,This declares or defines the named method or protocol member; removing it changes the API.,lib/protocols.x:71 (method declaration/definition),"Iter T.iter(T, Iter dest);",True,runtime
lib/protocols.x:72:8,lib/protocols.x,72,8,contains,definition,T,,This declares or defines the named method or protocol member; removing it changes the API.,lib/protocols.x:72 (method declaration/definition),"int T.contains(T, Needle);",True,runtime
lib/protocols.x:73:6,lib/protocols.x,73,6,add,definition,T,,This declares or defines the named method or protocol member; removing it changes the API.,lib/protocols.x:73 (method declaration/definition),"T T.add(T, T);",True,runtime
lib/protocols.x:74:6,lib/protocols.x,74,6,sub,definition,T,,This declares or defines the named method or protocol member; removing it changes the API.,lib/protocols.x:74 (method declaration/definition),"T T.sub(T, T);",True,runtime
lib/protocols.x:75:6,lib/protocols.x,75,6,mul,definition,T,,This declares or defines the named method or protocol member; removing it changes the API.,lib/protocols.x:75 (method declaration/definition),"T T.mul(T, T);",True,runtime
lib/protocols.x:76:6,lib/protocols.x,76,6,div,definition,T,,This declares or defines the named method or protocol member; removing it changes the API.,lib/protocols.x:76 (method declaration/definition),"T T.div(T, T);",True,runtime
lib/protocols.x:77:6,lib/protocols.x,77,6,mod,definition,T,,This declares or defines the named method or protocol member; removing it changes the API.,lib/protocols.x:77 (method declaration/definition),"T T.mod(T, T);",True,runtime
lib/protocols.x:78:6,lib/protocols.x,78,6,matmul,definition,T,,This declares or defines the named method or protocol member; removing it changes the API.,lib/protocols.x:78 (method declaration/definition),"T T.matmul(T, T);",True,runtime
lib/protocols.x:79:6,lib/protocols.x,79,6,neg,definition,T,,This declares or defines the named method or protocol member; removing it changes the API.,lib/protocols.x:79 (method declaration/definition),T T.neg(T);,True,runtime
lib/protocols.x:80:10,lib/protocols.x,80,10,getindex,definition,T,,This declares or defines the named method or protocol member; removing it changes the API.,lib/protocols.x:80 (method declaration/definition),"Value T.getindex(T, Key);",True,runtime
lib/protocols.x:81:10,lib/protocols.x,81,10,setindex,definition,T,,This declares or defines the named method or protocol member; removing it changes the API.,lib/protocols.x:81 (method declaration/definition),"Value T.setindex(T, Key, Value);",True,runtime
lib/protocols.x:82:10,lib/protocols.x,82,10,updateindex,definition,T,,This declares or defines the named method or protocol member; removing it changes the API.,lib/protocols.x:82 (method declaration/definition),"Value T.updateindex(T, Key, Symbol, Value);",True,runtime
lib/protocols.x:83:10,lib/protocols.x,83,10,postfixindex,definition,T,,This declares or defines the named method or protocol member; removing it changes the API.,lib/protocols.x:83 (method declaration/definition),"Value T.postfixindex(T, Key, Symbol);",True,runtime
lib/regex.x:44:10,lib/regex.x,44,10,getindex,definition,T,,This declares or defines the named method; it is not a call-site substitution.,lib/regex.x:44 (method declaration/definition),"Value T.getindex(T, Key);",True,runtime
lib/regex.x:650:22,lib/regex.x,650,22,str,required_call,Var,,The callback/key is a Var; Var.str displays its result or key spelling before writing.,lib/regex.x:650; lib/dispatch.x:75 (Var display dispatch); src/expressions.x:3136 (implicit conversion),if (fn) fn(found).str().write_str(out);,True,runtime
lib/regex.x:786:38,lib/regex.x,786,38,str,required_call,Var,,The callback/key is a Var; Var.str displays its result or key spelling before writing.,lib/regex.x:786; lib/dispatch.x:75 (Var display dispatch); src/expressions.x:3136 (implicit conversion),String name = numbered ? NULL : key.str();,True,runtime
lib/regex.x:797:18,lib/regex.x,797,18,getindex,definition,RegexMatch,,This declares or defines the named method; it is not a call-site substitution.,lib/regex.x:797 (method declaration/definition),"String RegexMatch.getindex(RegexMatch found, Var key) {",False,runtime
lib/regex.x:803:56,lib/regex.x,803,56,getindex,required_call,RegexCapture (List alias),,RegexCapture has no nominal getindex member for bracket lookup. Brackets fall back to native struct List pointer indexing; c[0].int() fails to compile. Direct member calls resolve List_getindex. Keep this call; adding an adoption solely for spelling is outside this cleanup.,lib/regex.x:34-47; src/expressions.x:1397-1455; src/transform.x:618-629; var-protocol-call-catalog.md#focused-verification,int RegexCapture.index(RegexCapture capture) => capture.getindex(0).int();,True,runtime
lib/regex.x:806:58,lib/regex.x,806,58,getindex,required_call,RegexCapture (List alias),,RegexCapture has no nominal getindex member for bracket lookup. Brackets fall back to native struct List pointer indexing; c[0].int() fails to compile. Direct member calls resolve List_getindex. Keep this call; adding an adoption solely for spelling is outside this cleanup.,lib/regex.x:34-47; src/expressions.x:1397-1455; src/transform.x:618-629; var-protocol-call-catalog.md#focused-verification,String RegexCapture.name(RegexCapture capture) => capture.getindex(1);,True,runtime
lib/regex.x:809:58,lib/regex.x,809,58,getindex,required_call,RegexCapture (List alias),,RegexCapture has no nominal getindex member for bracket lookup. Brackets fall back to native struct List pointer indexing; c[0].int() fails to compile. Direct member calls resolve List_getindex. Keep this call; adding an adoption solely for spelling is outside this cleanup.,lib/regex.x:34-47; src/expressions.x:1397-1455; src/transform.x:618-629; var-protocol-call-catalog.md#focused-verification,int RegexCapture.matched(RegexCapture capture) => capture.getindex(2).truth();,True,runtime
lib/regex.x:809:70,lib/regex.x,809,70,truth,conditional_candidate,Var,!!capture[2],A Var truth test should dispatch Var.truth; confirm generated code and invalid/void behavior before changing.,lib/regex.x:809; lib/dispatch.x:659 (Var truth dispatch),int RegexCapture.matched(RegexCapture capture) => capture.getindex(2).truth();,True,runtime
lib/regex.x:812:58,lib/regex.x,812,58,getindex,required_call,RegexCapture (List alias),,RegexCapture has no nominal getindex member for bracket lookup. Brackets fall back to native struct List pointer indexing; c[0].int() fails to compile. Direct member calls resolve List_getindex. Keep this call; adding an adoption solely for spelling is outside this cleanup.,lib/regex.x:34-47; src/expressions.x:1397-1455; src/transform.x:618-629; var-protocol-call-catalog.md#focused-verification,String RegexCapture.text(RegexCapture capture) => capture.getindex(3);,True,runtime
lib/regex.x:815:56,lib/regex.x,815,56,getindex,required_call,RegexCapture (List alias),,RegexCapture has no nominal getindex member for bracket lookup. Brackets fall back to native struct List pointer indexing; c[0].int() fails to compile. Direct member calls resolve List_getindex. Keep this call; adding an adoption solely for spelling is outside this cleanup.,lib/regex.x:34-47; src/expressions.x:1397-1455; src/transform.x:618-629; var-protocol-call-catalog.md#focused-verification,int RegexCapture.start(RegexCapture capture) => capture.getindex(4).int();,True,runtime
lib/regex.x:818:54,lib/regex.x,818,54,getindex,required_call,RegexCapture (List alias),,RegexCapture has no nominal getindex member for bracket lookup. Brackets fall back to native struct List pointer indexing; c[0].int() fails to compile. Direct member calls resolve List_getindex. Keep this call; adding an adoption solely for spelling is outside this cleanup.,lib/regex.x:34-47; src/expressions.x:1397-1455; src/transform.x:618-629; var-protocol-call-catalog.md#focused-verification,int RegexCapture.end(RegexCapture capture) => capture.getindex(5).int();,True,runtime
lib/split.x:280:11,lib/split.x,280,11,iter,definition,Split,,This declares or defines the named method; it is not a call-site substitution.,lib/split.x:280 (method declaration/definition),"Iter Split.iter(Split split, Iter dest) {",False,runtime
lib/string-escape.x:127:11,lib/string-escape.x,127,11,contains,safe_candidate,String,"!(""\\"" in str)",String membership selects String.contains with the same substring.,lib/string-escape.x:127; docs/src/reference/language.md:2954 (membership); lib/list.x:128 (List equality),"if (!str.contains(""\\"")) return str;",True,runtime
lib/string-format.x:294:19,lib/string-format.x,294,19,str,required_call,Var,,The explicit receiver display/spelling method supplies String text; no proved operator replacement preserves its type and ownership contract.,lib/string-format.x:294; lib/dispatch.x:75 (Var display dispatch); src/expressions.x:3136 (implicit conversion),try string = arg.str();,True,runtime
lib/string.x:121:11,lib/string.x,121,11,equal,definition,String,,This declares or defines the named method; it is not a call-site substitution.,lib/string.x:121 (method declaration/definition),"int String.equal(String x, String y) {",False,runtime
lib/string.x:531:23,lib/string.x,531,23,contains,definition,String,,This declares or defines the named method; it is not a call-site substitution.,lib/string.x:531 (method declaration/definition),"meta native int String.contains(String str, String sub) {",False,runtime
lib/string.x:641:11,lib/string.x,641,11,getindex,definition,String,,This declares or defines the named method; it is not a call-site substitution.,lib/string.x:641 (method declaration/definition),"int String.getindex(String str, int index) {",False,runtime
lib/string.x:715:14,lib/string.x,715,14,add,definition,String,,This declares or defines the named method; it is not a call-site substitution.,lib/string.x:715 (method declaration/definition),"String String.add(String str, String other) {",False,runtime
lib/string.x:1193:14,lib/string.x,1193,14,str,definition,String,,This declares or defines the named method; it is not a call-site substitution.,lib/string.x:1193 (method declaration/definition),String String.str(String str) => str;,True,runtime
lib/string.x:1229:12,lib/string.x,1229,12,iter,definition,String,,This declares or defines the named method; it is not a call-site substitution.,lib/string.x:1229 (method declaration/definition),"Iter String.iter(String x, Iter dest) {",False,runtime
lib/symbol.x:116:16,lib/symbol.x,116,16,equal,conditional_candidate,String,spelling == symbol,The method converts a Symbol argument to String; confirm operator conversion and emitted call before replacing.,lib/symbol.x:116; docs/src/reference/language.md:2954 (membership); lib/list.x:128 (List equality),if (!spelling.equal(symbol)) return 0;,True,runtime
lib/symbol.x:163:14,lib/symbol.x,163,14,str,definition,Symbol,,This declares or defines the named method; it is not a call-site substitution.,lib/symbol.x:163 (method declaration/definition),String Symbol.str(Symbol symbol) {,False,runtime
lib/symbolset.x:114:14,lib/symbolset.x,114,14,contains,definition,SymbolSet,,This declares or defines the named method; it is not a call-site substitution.,lib/symbolset.x:114 (method declaration/definition),"int SymbolSet.contains(SymbolSet x, Symbol symbol) => x.index(symbol) >= 0;",True,runtime
lib/symbolset.x:121:17,lib/symbolset.x,121,17,getindex,definition,SymbolSet,,This declares or defines the named method; it is not a call-site substitution.,lib/symbolset.x:121 (method declaration/definition),"Symbol SymbolSet.getindex(SymbolSet x, int index) {",False,runtime
lib/symbolset.x:132:11,lib/symbolset.x,132,11,getindex,safe_candidate,SymbolSet,x[index],"SymbolSet bracket reads select getindex; this call is in the iterator after its index bounds check, outside the getter.",lib/symbolset.x:132; lib/dispatch.x:577 (getindex dispatch); docs/src/reference/language.md:3275 (bracket protocol),*out = x.getindex(index);,True,runtime
lib/symbolset.x:142:15,lib/symbolset.x,142,15,iter,definition,SymbolSet,,This declares or defines the named method; it is not a call-site substitution.,lib/symbolset.x:142 (method declaration/definition),"Iter SymbolSet.iter(SymbolSet x, Iter dest) {",False,runtime
lib/system-macros.xmacro:14:52,lib/system-macros.xmacro,14,52,contains,safe_candidate,String,"""\\"" in source",String membership selects String.contains; keep surrounding OR short-circuit order.,lib/system-macros.xmacro:14; docs/src/reference/language.md:2954 (membership); lib/list.x:128 (List equality),"if (open == 0 || !source.endswith(""\"""") || source.contains(""\\"") ||",False,runtime
lib/system-macros.xmacro:15:13,lib/system-macros.xmacro,15,13,contains,safe_candidate,String,"""$"" in source",String membership selects String.contains; keep surrounding OR short-circuit order.,lib/system-macros.xmacro:15; docs/src/reference/language.md:2954 (membership); lib/list.x:128 (List equality),"source.contains(""$""))",False,runtime
lib/system-macros.xmacro:95:56,lib/system-macros.xmacro,95,56,str,required_call,int,,The numeric invocation line is concatenated as text; removing int.str changes the operand to int.,lib/system-macros.xmacro:95; lib/dispatch.x:75 (Var display dispatch); src/expressions.x:3136 (implicit conversion),"x2c_invocation_file() + "":"" + x2c_invocation_line().str());",True,runtime
lib/tokenizer.x:50:10,lib/tokenizer.x,50,10,equal,definition,Token,,This declares or defines the named method; it is not a call-site substitution.,lib/tokenizer.x:50 (method declaration/definition),"int Token.equal(Token a, Token b) {",False,runtime
lib/tokenizer.x:57:13,lib/tokenizer.x,57,13,str,definition,Token,,This declares or defines the named method; it is not a call-site substitution.,lib/tokenizer.x:57 (method declaration/definition),String Token.str(Token token) => token.text;,True,runtime
lib/tokenizer.x:887:25,lib/tokenizer.x,887,25,str,safe_candidate,Symbol,copy.text = edit.type,"Token.text is String; typed Symbol-to-String conversion emits Symbol_str, as does the explicit call.",lib/tokenizer.x:887; lib/symbol.x (Symbol.str implementation),copy.text = Symbol.str(edit.type);,True,runtime
lib/var-tags.xmacro:161:50,lib/var-tags.xmacro,161,50,str,required_call,Var,,This value needs its display spelling; Var.str or the typed spelling method is not equivalent to implicit Var-to-String payload extraction.,lib/var-tags.xmacro:161; lib/dispatch.x:75 (Var display dispatch); src/expressions.x:3136 (implicit conversion),"meta static int _tag_unsigned(List row) => row[0].str().startswith(""u"");",True,runtime
lib/var-tags.xmacro:262:27,lib/var-tags.xmacro,262,27,contains,safe_candidate,List,_tag_id(row) in _tag_validated_ids(),List membership selects List.contains on the same computed receiver.,lib/var-tags.xmacro:262; docs/src/reference/language.md:2954 (membership); lib/list.x:128 (List equality),if (_tag_validated_ids().contains(_tag_id(row))) return 0;,True,runtime
lib/var-tags.xmacro:363:24,lib/var-tags.xmacro,363,24,str,required_call,Var,,This value needs its display spelling; Var.str or the typed spelling method is not equivalent to implicit Var-to-String payload extraction.,lib/var-tags.xmacro:363; lib/dispatch.x:75 (Var display dispatch); src/expressions.x:3136 (implicit conversion),String tag = row[0].str();,True,runtime
lib/var.x:313:32,lib/var.x,313,32,str,comment_or_string,documented sample,,"This occurrence is inside a documentation comment, not executed runtime code.",lib/var.x:313 (documentation comment),"printf(""%s %s\n"", raw.tag().str(), void.tag().str());",True,runtime
lib/var.x:313:50,lib/var.x,313,50,str,comment_or_string,documented sample,,"This occurrence is inside a documentation comment, not executed runtime code.",lib/var.x:313 (documentation comment),"printf(""%s %s\n"", raw.tag().str(), void.tag().str());",True,runtime
lib/var.x:664:51,lib/var.x,664,51,str,comment_or_string,documented sample,,"This occurrence is inside a documentation comment, not executed runtime code.",lib/var.x:664 (documentation comment),"printf(""%s=%s %s=%s refused=%d\n"", count.tag().str(), count,",False,runtime
lib/var.x:665:24,lib/var.x,665,24,str,comment_or_string,documented sample,,"This occurrence is inside a documentation comment, not executed runtime code.",lib/var.x:665 (documentation comment),"broken.tag().str(), broken, refused is void);",True,runtime
lib/var.x:799:22,lib/var.x,799,22,str,comment_or_string,documented sample,,"This occurrence is inside a documentation comment, not executed runtime code.",lib/var.x:799 (documentation comment),five.tag().str());,True,runtime
lib/varops.x:116:25,lib/varops.x,116,25,add,required_call,Var,,"Inside Var.binary, operator punctuation lowers to Var.binary and would recurse instead of calling this method.",lib/varops.x:116; lib/varops.x:108 (arithmetic dispatch),case <+>: return lhs.add(rhs);,True,runtime
lib/varops.x:117:25,lib/varops.x,117,25,sub,required_call,Var,,"Inside Var.binary, operator punctuation lowers to Var.binary and would recurse instead of calling this method.",lib/varops.x:117; lib/varops.x:108 (arithmetic dispatch),case <->: return lhs.sub(rhs);,True,runtime
lib/varops.x:118:25,lib/varops.x,118,25,mul,required_call,Var,,"Inside Var.binary, operator punctuation lowers to Var.binary and would recurse instead of calling this method.",lib/varops.x:118; lib/varops.x:108 (arithmetic dispatch),case <*>: return lhs.mul(rhs);,True,runtime
lib/varops.x:119:25,lib/varops.x,119,25,div,required_call,Var,,"Inside Var.binary, operator punctuation lowers to Var.binary and would recurse instead of calling this method.",lib/varops.x:119; lib/varops.x:108 (arithmetic dispatch),case </>: return lhs.div(rhs);,True,runtime
lib/varops.x:120:25,lib/varops.x,120,25,mod,required_call,Var,,"Inside Var.binary, operator punctuation lowers to Var.binary and would recurse instead of calling this method.",lib/varops.x:120; lib/varops.x:108 (arithmetic dispatch),case <%>: return lhs.mod(rhs);,True,runtime
lib/varops.x:121:25,lib/varops.x,121,25,matmul,required_call,Var,,"Inside Var.binary, operator punctuation lowers to Var.binary and would recurse instead of calling this method.",lib/varops.x:121; lib/varops.x:108 (arithmetic dispatch),case <@>: return lhs.matmul(rhs);,True,runtime
lib/varops.x:149:17,lib/varops.x,149,17,truth,conditional_candidate,Var,!!lhs,Keep both eager local initializers; confirm unary truth lowering invokes Var.truth with identical diagnostics.,lib/varops.x:149; lib/dispatch.x:659 (Var truth dispatch),"int left = lhs.truth(), right = rhs.truth();",True,runtime
lib/varops.x:149:38,lib/varops.x,149,38,truth,conditional_candidate,Var,!!rhs,Keep both eager local initializers; replacing them with `lhs && rhs` would short-circuit.,lib/varops.x:149; lib/dispatch.x:659 (Var truth dispatch),"int left = lhs.truth(), right = rhs.truth();",True,runtime
lib/varops.x:159:20,lib/varops.x,159,20,add,definition,Var,,This declares or defines the named method; it is not a call-site substitution.,lib/varops.x:159 (method declaration/definition),"meta native Var Var.add(Var lhs, Var rhs) =>",False,runtime
lib/varops.x:166:20,lib/varops.x,166,20,sub,definition,Var,,This declares or defines the named method; it is not a call-site substitution.,lib/varops.x:166 (method declaration/definition),"meta native Var Var.sub(Var lhs, Var rhs) =>",False,runtime
lib/varops.x:173:20,lib/varops.x,173,20,mul,definition,Var,,This declares or defines the named method; it is not a call-site substitution.,lib/varops.x:173 (method declaration/definition),"meta native Var Var.mul(Var lhs, Var rhs) =>",False,runtime
lib/varops.x:180:8,lib/varops.x,180,8,matmul,definition,Var,,This declares or defines the named method; it is not a call-site substitution.,lib/varops.x:180 (method declaration/definition),"Var Var.matmul(Var lhs, Var rhs) =>",False,runtime
lib/varops.x:188:20,lib/varops.x,188,20,div,definition,Var,,This declares or defines the named method; it is not a call-site substitution.,lib/varops.x:188 (method declaration/definition),"meta native Var Var.div(Var lhs, Var rhs) =>",False,runtime
lib/varops.x:196:20,lib/varops.x,196,20,mod,definition,Var,,This declares or defines the named method; it is not a call-site substitution.,lib/varops.x:196 (method declaration/definition),"meta native Var Var.mod(Var lhs, Var rhs) =>",False,runtime
lib/varops.x:208:24,lib/varops.x,208,24,add,required_call,Var,,"The String.add call takes a Var; String + Var converts rhs with Var_string, which differs from the direct method.",lib/varops.x:208; lib/varops.x:108 (arithmetic dispatch),return lhs.string().add(rhs);,True,runtime
lib/varops.x:225:20,lib/varops.x,225,20,neg,definition,Var,,This declares or defines the named method; it is not a call-site substitution.,lib/varops.x:225 (method declaration/definition),meta native Var Var.neg(Var value) {,False,runtime
lib/varops.x:234:13,lib/varops.x,234,13,sub,required_call,Var,,Var.neg implements unary minus through Var.sub; writing `-value` would recurse into Var.neg.,lib/varops.x:234; lib/varops.x:108 (arithmetic dispatch),"return Var.sub(0, value);",True,runtime
lib/varops.x:422:20,lib/varops.x,422,20,truth,definition,Var,,This declares or defines the named method; it is not a call-site substitution.,lib/varops.x:422 (method declaration/definition),meta native int Var.truth(Var value) {,False,runtime
src/build.x:598:18,src/build.x,598,18,add,required_call,CcPool,,Custom add method mutates compiler state; String + is unrelated.,src/build.x:598,failed = pool.add(source);,True,compiler_rest
src/build.x:612:18,src/build.x,612,18,add,definition,CcPool,,This declares the named method; it is not a call.,src/build.x:612,"static int CcPool.add(CcPool &pool, String source) {",False,compiler_rest
src/build.x:793:37,src/build.x,793,37,str,required_call,Symbol,,"The printf-family autoformat path only handles static Var arguments. Symbol is native here, so removing str passes its numeric value as a %s pointer.",src/build.x:793; src/transform.x:1293,"$report.build.final_cached(phase.str(), b.output);",True,compiler_rest
src/build.x:832:42,src/build.x,832,42,str,safe_candidate,String,omit .str(),"String.str returns its receiver unchanged, so the surrounding C call or format receives the same pointer.",src/build.x:832; lib/string.x:1193,$report.build.link_unchanged(b.output.str());,True,compiler_rest
src/build.x:844:40,src/build.x,844,40,str,safe_candidate,String,omit .str(),"String.str returns its receiver unchanged, so the surrounding C call or format receives the same pointer.",src/build.x:844; lib/string.x:1193,"$report.build.replace_failed(b.output.str(), strerror(errno));",True,compiler_rest
src/build.x:849:27,src/build.x,849,27,str,safe_candidate,String,omit .str(),"String.str returns its receiver unchanged, so the surrounding C call or format receives the same pointer.",src/build.x:849; lib/string.x:1193,"FILE *left = fopen(first.str(), ""rb"");",True,compiler_rest
src/build.x:852:29,src/build.x,852,29,str,safe_candidate,String,omit .str(),"String.str returns its receiver unchanged, so the surrounding C call or format receives the same pointer.",src/build.x:852; lib/string.x:1193,"FILE *right = fopen(second.str(), ""rb"");",True,compiler_rest
src/builtins.x:54:20,src/builtins.x,54,20,equal,safe_candidate,List (Type),receiver == argument,The receiver is statically List/Type or String. `==` selects the same equal member on these types; preserve operand evaluation.,src/builtins.x:54; src/operator-ledger.xmacro:15-16; var-protocol-call-catalog.md#focused-verification,"int direct = type.equal(%(""Iter""));",True,compiler_core
src/builtins.x:78:7,src/builtins.x,78,7,equal,safe_candidate,List (Type),receiver == argument,The receiver is statically List/Type or String. `==` selects the same equal member on these types; preserve operand evaluation.,src/builtins.x:78; src/operator-ledger.xmacro:15-16; var-protocol-call-catalog.md#focused-verification,"type.equal(%(""Var"")) ? builtin_foreach_reference(""Var_iter"")",False,compiler_core
src/builtins.x:87:39,src/builtins.x,87,39,str,required_call,Var (type head),,"This call projects a syntax, type, Symbol, or Var value to its String spelling for a diagnostic, lookup, template hole, or generated identifier. Removing it requires a proved equivalent destination crossing.",src/builtins.x:87; src/expressions.x:3140-3154,String owner = collection_type.car().str();,True,compiler_core
src/builtins.x:95:29,src/builtins.x,95,29,equal,safe_candidate,List (Type),receiver == argument,The receiver is statically List/Type or String. `==` selects the same equal member on these types; preserve operand evaluation.,src/builtins.x:95; src/operator-ledger.xmacro:15-16; var-protocol-call-catalog.md#focused-verification,if (!x2c_type_return(type).equal(%(int)) ||,False,compiler_core
src/builtins.x:96:24,src/builtins.x,96,24,equal,conditional_candidate,Var (List element),"receiver == argument, after exact binding probe",The explicit call receiver or argument is Var or a List element with a different static type. Confirm the same generated equality target and conversion before replacement.,src/builtins.x:96; src/operator-ledger.xmacro:15-16; var-protocol-call-catalog.md#focused-verification,!parameters.car().equal(collection_type) ||,False,compiler_core
src/builtins.x:100:19,src/builtins.x,100,19,equal,safe_candidate,List (Type),receiver == argument,The receiver is statically List/Type or String. `==` selects the same equal member on these types; preserve operand evaluation.,src/builtins.x:100; src/operator-ledger.xmacro:15-16; var-protocol-call-catalog.md#focused-verification,!cursor_type.equal(collection_type)) return %();,True,compiler_core
src/builtins.x:148:29,src/builtins.x,148,29,equal,safe_candidate,List (Type),receiver == argument,The receiver is statically List/Type or String. `==` selects the same equal member on these types; preserve operand evaluation.,src/builtins.x:148; src/operator-ledger.xmacro:15-16; var-protocol-call-catalog.md#focused-verification,List initial = cursor_type.equal(f.type) ? object_expression : $!( 0 );,True,compiler_core
src/builtins.x:195:35,src/builtins.x,195,35,str,required_call,Var (type head),,"This call projects a syntax, type, Symbol, or Var value to its String spelling for a diagnostic, lookup, template hole, or generated identifier. Removing it requires a proved equivalent destination crossing.",src/builtins.x:195; src/expressions.x:3140-3154,"String owner = atom ? type.car().str() : """";",True,compiler_core
src/builtins.x:197:44,src/builtins.x,197,44,equal,safe_candidate,List (Type),receiver == argument,The receiver is statically List/Type or String. `==` selects the same equal member on these types; preserve operand evaluation.,src/builtins.x:197; src/operator-ledger.xmacro:15-16; var-protocol-call-catalog.md#focused-verification,"if (f.targets.len() == 2 && atom && !type.equal(%(""Iter"")))",False,compiler_core
src/builtins.x:291:47,src/builtins.x,291,47,str,required_call,Var (field head),,"This call projects a syntax, type, Symbol, or Var value to its String spelling for a diagnostic, lookup, template hole, or generated identifier. Removing it requires a proved equivalent destination crossing.",src/builtins.x:291; src/expressions.x:3140-3154,if (field.car() is <string> && field.car().str().len() > 0),False,compiler_core
src/builtins.x:406:33,src/builtins.x,406,33,str,required_call,Var (member literal),,"This call projects a syntax, type, Symbol, or Var value to its String spelling for a diagnostic, lookup, template hole, or generated identifier. Removing it requires a proved equivalent destination crossing.",src/builtins.x:406; src/expressions.x:3140-3154,String member = member_value.str();,True,compiler_core
src/builtins.x:497:25,src/builtins.x,497,25,equal,conditional_candidate,Var,"receiver == argument, after exact binding probe",The explicit call receiver or argument is Var or a List element with a different static type. Confirm the same generated equality target and conversion before replacement.,src/builtins.x:497; src/operator-ledger.xmacro:15-16; var-protocol-call-catalog.md#focused-verification,int heap = !heap_value.equal(%());,True,compiler_core
src/builtins.x:505:44,src/builtins.x,505,44,equal,conditional_candidate,Var (List element),"receiver == argument, after exact binding probe",The explicit call receiver or argument is Var or a List element with a different static type. Confirm the same generated equality target and conversion before replacement.,src/builtins.x:505; src/operator-ledger.xmacro:15-16; var-protocol-call-catalog.md#focused-verification,int reference = !heap && declared.car().equal(%(& @type));,True,compiler_core
src/builtins.x:508:38,src/builtins.x,508,38,equal,safe_candidate,List (Type),receiver == argument,The receiver is statically List/Type or String. `==` selects the same equal member on these types; preserve operand evaluation.,src/builtins.x:508; src/operator-ledger.xmacro:15-16; var-protocol-call-catalog.md#focused-verification,int refusable = heap && signature.equal(%((func $parameters) int));,True,compiler_core
src/builtins.x:509:31,src/builtins.x,509,31,equal,safe_candidate,List (Type),receiver == argument,The receiver is statically List/Type or String. `==` selects the same equal member on these types; preserve operand evaluation.,src/builtins.x:509; src/operator-ledger.xmacro:15-16; var-protocol-call-catalog.md#focused-verification,if (refusable || signature.equal(%((func $parameters) void))) {,False,compiler_core
src/builtins.x:640:15,src/builtins.x,640,15,equal,conditional_candidate,List,"receiver == argument, after exact binding probe",The explicit call receiver or argument is Var or a List element with a different static type. Confirm the same generated equality target and conversion before replacement.,src/builtins.x:640; src/operator-ledger.xmacro:15-16; var-protocol-call-catalog.md#focused-verification,"if (!field.equal(final)) body.push($!{ out.write("", ""); });",True,compiler_core
src/builtins.x:670:15,src/builtins.x,670,15,str,required_call,Buffer,,Buffer.str produces the accumulated String; no equivalent implicit receiver-to-String conversion is established.,src/builtins.x:670,return out.str();,True,compiler_core
src/builtins.x:742:18,src/builtins.x,742,18,equal,conditional_candidate,Var vs String,"receiver == argument, after exact binding probe",The explicit call receiver or argument is Var or a List element with a different static type. Confirm the same generated equality target and conversion before replacement.,src/builtins.x:742; src/operator-ledger.xmacro:15-16; var-protocol-call-catalog.md#focused-verification,if (installed.equal(group_name)),False,compiler_core
src/builtins.x:747:15,src/builtins.x,747,15,equal,conditional_candidate,Var vs String,"receiver == argument, after exact binding probe",The explicit call receiver or argument is Var or a List element with a different static type. Confirm the same generated equality target and conversion before replacement.,src/builtins.x:747; src/operator-ledger.xmacro:15-16; var-protocol-call-catalog.md#focused-verification,if (row[1].equal(lisp_name)),False,compiler_core
src/builtins.x:756:38,src/builtins.x,756,38,str,conditional_candidate,"Var, proven String payload",implicit Var-to-String only if payload and destination equivalence is verified,The preceding `is <string>` proves a String payload. Explicit Var.str and implicit Var-to-String still lower through different functions; exact equivalence must be checked before deletion.,src/builtins.x:756; src/expressions.x:3140-3154,if (value is <string>) return value.str();,True,compiler_core
src/builtins.x:765:41,src/builtins.x,765,41,equal,conditional_candidate,Var vs String,"receiver == argument, after exact binding probe",The explicit call receiver or argument is Var or a List element with a different static type. Confirm the same generated equality target and conversion before replacement.,src/builtins.x:765; src/operator-ledger.xmacro:15-16; var-protocol-call-catalog.md#focused-verification,"foreach (List row, rows) if (row.car().equal(group)) selected.push(row);",True,compiler_core
src/builtins.x:807:34,src/builtins.x,807,34,str,required_call,Var or Atom (syntax spelling),,"This call projects a syntax, type, Symbol, or Var value to its String spelling for a diagnostic, lookup, template hole, or generated identifier. Removing it requires a proved equivalent destination crossing.",src/builtins.x:807; src/expressions.x:3140-3154,"return _binding_target(bind.str(), name.str(), ""Func_new"");",True,compiler_core
src/builtins.x:807:46,src/builtins.x,807,46,str,required_call,Var or Atom (syntax spelling),,"This call projects a syntax, type, Symbol, or Var value to its String spelling for a diagnostic, lookup, template hole, or generated identifier. Removing it requires a proved equivalent destination crossing.",src/builtins.x:807; src/expressions.x:3140-3154,"return _binding_target(bind.str(), name.str(), ""Func_new"");",True,compiler_core
src/builtins.x:808:47,src/builtins.x,808,47,str,required_call,Var or Atom (syntax spelling),,"This call projects a syntax, type, Symbol, or Var value to its String spelling for a diagnostic, lookup, template hole, or generated identifier. Removing it requires a proved equivalent destination crossing.",src/builtins.x:808; src/expressions.x:3140-3154,"case %(?name): return _binding_target(name.str(), name.str(), ""Func_new"");",True,compiler_core
src/builtins.x:808:59,src/builtins.x,808,59,str,required_call,Var or Atom (syntax spelling),,"This call projects a syntax, type, Symbol, or Var value to its String spelling for a diagnostic, lookup, template hole, or generated identifier. Removing it requires a proved equivalent destination crossing.",src/builtins.x:808; src/expressions.x:3140-3154,"case %(?name): return _binding_target(name.str(), name.str(), ""Func_new"");",True,compiler_core
src/builtins.x:810:34,src/builtins.x,810,34,str,required_call,Var or Atom (syntax spelling),,"This call projects a syntax, type, Symbol, or Var value to its String spelling for a diagnostic, lookup, template hole, or generated identifier. Removing it requires a proved equivalent destination crossing.",src/builtins.x:810; src/expressions.x:3140-3154,"return _binding_target(name.str(), name.str(), ""Func_new_rest"");",True,compiler_core
src/builtins.x:810:46,src/builtins.x,810,46,str,required_call,Var or Atom (syntax spelling),,"This call projects a syntax, type, Symbol, or Var value to its String spelling for a diagnostic, lookup, template hole, or generated identifier. Removing it requires a proved equivalent destination crossing.",src/builtins.x:810; src/expressions.x:3140-3154,"return _binding_target(name.str(), name.str(), ""Func_new_rest"");",True,compiler_core
src/callable-reports.xmacro:28:47,src/callable-reports.xmacro,28,47,equal,conditional_candidate,Type (List alias),== after preserving static List/Type conversion,Macro Expr substitution must preserve the resolved Type operands before == is substituted.,src/callable-reports.xmacro:28; docs/src/reference/language.md:3150,String message = $c.sym.resolve_key($target).equal($func_type),False,compiler_rest
src/callables.x:638:30,src/callables.x,638,30,equal,safe_candidate,Type (List alias),receiver == argument (retain typed operands),The typed == operator selects this receiver\u2019s equal member; === would test identity instead.,src/callables.x:638; docs/src/reference/language.md:3150,if (c.sym.resolve_key(type).equal(func_type)) return expression;,True,compiler_rest
src/callables.x:649:34,src/callables.x,649,34,equal,safe_candidate,Type (List alias),receiver == argument (retain typed operands),The typed == operator selects this receiver\u2019s equal member; === would test identity instead.,src/callables.x:649; docs/src/reference/language.md:3150,if (c.sym.resolve_key(type).equal(func_type)) return expression;,True,compiler_rest
src/callables.x:1011:33,src/callables.x,1011,33,equal,safe_candidate,Type (List alias),receiver == argument (retain typed operands),The typed == operator selects this receiver\u2019s equal member; === would test identity instead.,src/callables.x:1011; docs/src/reference/language.md:3150,return c.sym.resolve_key(type).equal(adapter);,True,compiler_rest
src/callables.x:1021:29,src/callables.x,1021,29,equal,safe_candidate,Type (List alias),receiver == argument (retain typed operands),The typed == operator selects this receiver\u2019s equal member; === would test identity instead.,src/callables.x:1021; docs/src/reference/language.md:3150,return type.canonicalize().equal(pointee.canonicalize());,True,compiler_rest
src/cleanup.x:284:41,src/cleanup.x,284,41,contains,safe_candidate,Type (List alias),needle in receiver (parenthesize under !),The contextual in operator calls this receiver\u2019s contains member with the same key conversion.,src/cleanup.x:284; docs/src/reference/language.md:2947,if (native.is_pointer() || !native.contains(<const>)) return 1;,True,compiler_rest
src/cleanup.x:299:41,src/cleanup.x,299,41,contains,safe_candidate,Type (List alias),needle in receiver (parenthesize under !),The contextual in operator calls this receiver\u2019s contains member with the same key conversion.,src/cleanup.x:299; docs/src/reference/language.md:2947,(native.is_pointer() || !native.contains(<const>));,True,compiler_rest
src/cleanup.x:341:17,src/cleanup.x,341,17,truth,safe_candidate,Var,omit .truth() in this condition or unary !,"In a condition or unary !, static Var truth conversion calls Var.truth at this same evaluation point.",src/cleanup.x:341; docs/src/reference/language.md:3113,!automatic.truth()) return 0;,True,compiler_rest
src/cleanup.x:1117:33,src/cleanup.x,1117,33,contains,safe_candidate,Type (List alias),needle in receiver (parenthesize under !),The contextual in operator calls this receiver\u2019s contains member with the same key conversion.,src/cleanup.x:1117; docs/src/reference/language.md:2947,!type.type().flatten_all().contains(<volatile>)),False,compiler_rest
src/cleanup.x:1137:53,src/cleanup.x,1137,53,contains,safe_candidate,Var (runtime List),needle in receiver (parenthesize under !),The contextual in operator calls this receiver\u2019s contains member with the same key conversion.,src/cleanup.x:1137; docs/src/reference/language.md:2947,!(escaped && spelling in escaped) && !mods.contains(<volatile>)),False,compiler_rest
src/cleanup.x:1320:17,src/cleanup.x,1320,17,contains,safe_candidate,List,needle in receiver (parenthesize under !),The contextual in operator calls this receiver\u2019s contains member with the same key conversion.,src/cleanup.x:1320; docs/src/reference/language.md:2947,"if (!known.contains(binding)) d.declared = cons(binding, known);",True,compiler_rest
src/cleanup.x:1332:15,src/cleanup.x,1332,15,contains,safe_candidate,List,needle in receiver (parenthesize under !),The contextual in operator calls this receiver\u2019s contains member with the same key conversion.,src/cleanup.x:1332; docs/src/reference/language.md:2947,!changed.contains(modified)),False,compiler_rest
src/cleanup.x:1339:29,src/cleanup.x,1339,29,contains,safe_candidate,List,needle in receiver (parenthesize under !),The contextual in operator calls this receiver\u2019s contains member with the same key conversion.,src/cleanup.x:1339; docs/src/reference/language.md:2947,if (!binding || d.declared.contains(binding) ||,False,compiler_rest
src/cleanup.x:1380:30,src/cleanup.x,1380,30,contains,safe_candidate,Type (List alias),needle in receiver (parenthesize under !),The contextual in operator calls this receiver\u2019s contains member with the same key conversion.,src/cleanup.x:1380; docs/src/reference/language.md:2947,!type.flatten_all().contains(<volatile>)),False,compiler_rest
src/cli.x:342:53,src/cli.x,342,53,str,required_call,Symbol,,strcmp takes a native const char *; this call supplies the decoded Symbol spelling and the qualified native parameter is not an implicit converter destination.,src/cli.x:342; docs/src/reference/language.md:3760,"if (row.mask != CLI_TOP && strcmp(word, row.name.str()) == 0) return row;",True,compiler_rest
src/cli.x:895:20,src/cli.x,895,20,str,required_call,Buffer,,Buffer.str creates a canonical String snapshot; passing or boxing the Buffer itself changes the value and lifetime.,src/cli.x:895; lib/buffer.x:268,w.out.push(w.word.str());,True,compiler_rest
src/cli.x:939:39,src/cli.x,939,39,str,required_call,Symbol,,"The printf-family autoformat path only handles static Var arguments. Symbol is native here, so removing str passes its numeric value as a %s pointer.",src/cli.x:939; src/transform.x:1293,"printf(""  %-12s%s\n"", command.name.str(), command.description);",True,compiler_rest
src/collect.x:118:13,src/collect.x,118,13,equal,conditional_candidate,Var -> List,== after preserving static List/Type conversion,List.equal explicitly converts a Var operand to List. Preserve that conversion before replacing with ==; a mixed-type == may choose a different path.,src/collect.x:118; docs/src/reference/language.md:3150,"if (List.equal(cached.list()[4], c._interface_include_dirs()))",False,compiler_rest
src/collect.x:294:19,src/collect.x,294,19,contains,safe_candidate,String,needle in receiver (parenthesize under !),The contextual in operator calls this receiver\u2019s contains member with the same key conversion.,src/collect.x:294; docs/src/reference/language.md:2947,"if (token.text.contains(""\n"")) return 1;",True,compiler_rest
src/collect.x:485:16,src/collect.x,485,16,equal,safe_candidate,String,receiver == argument (retain typed operands),The typed == operator selects this receiver\u2019s equal member; === would test identity instead.,src/collect.x:485; docs/src/reference/language.md:3150,candidate.equal(_canonical_path(candidate))) return;,True,compiler_rest
src/collect.x:704:30,src/collect.x,704,30,equal,conditional_candidate,Var -> List,== after preserving static List/Type conversion,List.equal explicitly converts a Var operand to List. Preserve that conversion before replacing with ==; a mixed-type == may choose a different path.,src/collect.x:704; docs/src/reference/language.md:3150,"if (prior is <list> && List.equal(prior.list()[4], roots)) return;",True,compiler_rest
src/collect.x:1165:38,src/collect.x,1165,38,equal,safe_candidate,List,receiver == argument (retain typed operands),The typed == operator selects this receiver\u2019s equal member; === would test identity instead.,src/collect.x:1165; docs/src/reference/language.md:3150,c._interface_include_dirs().equal(include_dirs)),False,compiler_rest
src/collect.x:1209:30,src/collect.x,1209,30,equal,safe_candidate,String,receiver == argument (retain typed operands),The typed == operator selects this receiver\u2019s equal member; === would test identity instead.,src/collect.x:1209; docs/src/reference/language.md:3150,return identity && compiler.equal(identity) &&,False,compiler_rest
src/collect.x:1210:30,src/collect.x,1210,30,equal,safe_candidate,String,receiver == argument (retain typed operands),The typed == operator selects this receiver\u2019s equal member; === would test identity instead.,src/collect.x:1210; docs/src/reference/language.md:3150,home_absolute_path(owner).equal(canonical) &&,False,compiler_rest
src/collect.x:1218:24,src/collect.x,1218,24,equal,safe_candidate,String,receiver == argument (retain typed operands),The typed == operator selects this receiver\u2019s equal member; === would test identity instead.,src/collect.x:1218; docs/src/reference/language.md:3150,"return hash && String.equal(hash, expected);",True,compiler_rest
src/compiler.x:586:53,src/compiler.x,586,53,str,required_call,Var,,"Var.str displays the value. Implicit Var-to-String extracts only a stored String payload, and quoted List/AST holes preserve the explicitly created String.",src/compiler.x:586; docs/src/reference/language.md:3763,if (syntax.is_atom() && !Atom.bare_spelling(syntax.str())),False,compiler_rest
src/compiler.x:587:39,src/compiler.x,587,39,str,required_call,Var,,"Var.str displays the value. Implicit Var-to-String extracts only a stored String payload, and quoted List/AST holes preserve the explicitly created String.",src/compiler.x:587; docs/src/reference/language.md:3763,return %(declaration-atom ${syntax.str()});,True,compiler_rest
src/compiler.x:590:42,src/compiler.x,590,42,str,required_call,Symbol,,The quoted List needs a String spelling element; omitting str inserts the Symbol itself.,src/compiler.x:590; lib/symbol.x:163,return %(declaration-token ${token.type.str()} ${token.text},False,compiler_rest
src/compiler.x:1136:38,src/compiler.x,1136,38,add,required_call,FullParse,,Custom add method mutates compiler state; String + is unrelated.,src/compiler.x:1136,"foreach (List item, node.cdr()) p.add(item, begin, end);",True,compiler_rest
src/compiler.x:1137:19,src/compiler.x,1137,19,add,required_call,FullParse,,Custom add method mutates compiler state; String + is unrelated.,src/compiler.x:1137,"else if (node) p.add(node, begin, end);",True,compiler_rest
src/compiler.x:1140:22,src/compiler.x,1140,22,add,definition,FullParse,,This declares the named method; it is not a call.,src/compiler.x:1140,"static void FullParse.add(FullParse &p, List node, int begin, int end) {",False,compiler_rest
src/compiler.x:1279:39,src/compiler.x,1279,39,str,comment_or_string,generated C source text,,This spelling is inside a String literal that generates C; changing it changes the generated program text.,src/compiler.x:1279,"""            argv[0], command.repr().str(), status.integer());\n""",True,compiler_rest
src/compiler.x:1284:44,src/compiler.x,1284,44,str,comment_or_string,generated C source text,,This spelling is inside a String literal that generates C; changing it changes the generated program text.,src/compiler.x:1284,"""            argv[0], code, detail.repr().str());\n""",True,compiler_rest
src/compiler.x:1419:12,src/compiler.x,1419,12,equal,conditional_candidate,Var -> List,== after preserving static List/Type conversion,List.equal explicitly converts a Var operand to List. Preserve that conversion before replacing with ==; a mixed-type == may choose a different path.,src/compiler.x:1419; docs/src/reference/language.md:3150,"!List.equal(arms, c.arms))",False,compiler_rest
src/compiler.x:1468:43,src/compiler.x,1468,43,equal,conditional_candidate,Var -> List,== after preserving static List/Type conversion,List.equal explicitly converts a Var operand to List. Preserve that conversion before replacing with ==; a mixed-type == may choose a different path.,src/compiler.x:1468; docs/src/reference/language.md:3150,"if (state_kind != <prototype> || !List.equal(prior_contract, contract)) {",False,compiler_rest
src/compiler.x:1515:19,src/compiler.x,1515,19,equal,safe_candidate,List,receiver == argument (retain typed operands),The typed == operator selects this receiver\u2019s equal member; === would test identity instead.,src/compiler.x:1515; docs/src/reference/language.md:3150,if (contract.equal(%(function-contract $a $b extern $d))):,False,compiler_rest
src/compiler.x:1517:12,src/compiler.x,1517,12,equal,safe_candidate,List,receiver == argument (retain typed operands),The typed == operator selects this receiver\u2019s equal member; === would test identity instead.,src/compiler.x:1517; docs/src/reference/language.md:3150,"if (!List.equal(prior_contract, contract)) {",False,compiler_rest
src/compiler.x:1601:24,src/compiler.x,1601,24,contains,safe_candidate,Map,needle in receiver (parenthesize under !),The contextual in operator calls this receiver\u2019s contains member with the same key conversion.,src/compiler.x:1601; docs/src/reference/language.md:2947,if (!references.contains(binding)) ordered.push(binding);,True,compiler_rest
src/compiler.x:2008:22,src/compiler.x,2008,22,contains,safe_candidate,Map,needle in receiver (parenthesize under !),The contextual in operator calls this receiver\u2019s contains member with the same key conversion.,src/compiler.x:2008; docs/src/reference/language.md:2947,if (!c.source_texts.contains(path)) c.source_texts[path] = c.text;,True,compiler_rest
src/compiler.x:2256:48,src/compiler.x,2256,48,str,required_call,Var,,"Var.str displays the value. Implicit Var-to-String extracts only a stored String payload, and quoted List/AST holes preserve the explicitly created String.",src/compiler.x:2256; docs/src/reference/language.md:3763,"%(expr (""Atom"") (literal (""Atom"") ${value.str()} $value)));",True,compiler_rest
src/compiler.x:2432:25,src/compiler.x,2432,25,str,required_call,Var,,"Var.str displays the value. Implicit Var-to-String extracts only a stored String payload, and quoted List/AST holes preserve the explicitly created String.",src/compiler.x:2432; docs/src/reference/language.md:3763,String name = binder.str()[1:];,True,compiler_rest
src/compiler.x:2441:25,src/compiler.x,2441,25,str,required_call,Var,,"Var.str displays the value. Implicit Var-to-String extracts only a stored String payload, and quoted List/AST holes preserve the explicitly created String.",src/compiler.x:2441; docs/src/reference/language.md:3763,String name = binder.str()[1:];,True,compiler_rest
src/deps.x:156:18,src/deps.x,156,18,str,required_call,Buffer,,Buffer.str creates a canonical String snapshot; passing or boxing the Buffer itself changes the value and lifetime.,src/deps.x:156; lib/buffer.x:268,paths.push(word.str());,True,compiler_rest
src/diagnostics.x:300:50,src/diagnostics.x,300,50,str,required_call,Symbol,,"The printf-family autoformat path only handles static Var arguments. Symbol is native here, so removing str passes its numeric value as a %s pointer.",src/diagnostics.x:300; src/transform.x:1293,"fprintf(stderr, ""%s: %s: %s\n"", place, code.str(), message);",True,compiler_rest
src/diagnostics.x:305:35,src/diagnostics.x,305,35,str,required_call,Symbol,,"The printf-family autoformat path only handles static Var arguments. Symbol is native here, so removing str passes its numeric value as a %s pointer.",src/diagnostics.x:305; src/transform.x:1293,"fprintf(stderr, ""%s: %s\n"", code.str(), message);",True,compiler_rest
src/diagnostics.x:564:67,src/diagnostics.x,564,67,str,required_call,Symbol,,"The printf-family autoformat path only handles static Var arguments. Symbol is native here, so removing str passes its numeric value as a %s pointer.",src/diagnostics.x:564; src/transform.x:1293,"printf(""(%4d, %-3d)\t%-20s"", token.line, token.col, token.type.str());",True,compiler_rest
src/emit.x:306:36,src/emit.x,306,36,str,required_call,Var,,"Var.str displays the value. Implicit Var-to-String extracts only a stored String payload, and quoted List/AST holes preserve the explicitly created String.",src/emit.x:306; docs/src/reference/language.md:3763,parameters.write(argument.car().str());,True,compiler_rest
src/emit.x:527:62,src/emit.x,527,62,truth,safe_candidate,Var,omit .truth() in this condition or unary !,"In a condition or unary !, static Var truth conversion calls Var.truth at this same evaluation point.",src/emit.x:527; docs/src/reference/language.md:3113,case %(call (expr ?callable ?) ?): opaque = !callable.truth();,True,compiler_rest
src/emit.x:786:25,src/emit.x,786,25,equal,safe_candidate,List,receiver == argument (retain typed operands),The typed == operator selects this receiver\u2019s equal member; === would test identity instead.,src/emit.x:786; docs/src/reference/language.md:3150,if (!global || !global.equal(binding) || !type.is_function()),False,compiler_rest
src/emit.x:1283:38,src/emit.x,1283,38,str,required_call,Var,,"Var.str displays the value. Implicit Var-to-String extracts only a stored String payload, and quoted List/AST holes preserve the explicitly created String.",src/emit.x:1283; docs/src/reference/language.md:3763,String bvar = String.new(binder.str() + 1);,True,compiler_rest
src/expressions-reports.xmacro:34:48,src/expressions-reports.xmacro,34,48,str,required_call,Var,,"Var.str displays the value. Implicit Var-to-String extracts only a stored String payload, and quoted List/AST holes preserve the explicitly created String.",src/expressions-reports.xmacro:34; docs/src/reference/language.md:3763,"if ($lhs) notes = cons(%(""lhs expr:"" ${$lhs.str()}), notes);",True,compiler_rest
src/expressions-reports.xmacro:285:112,src/expressions-reports.xmacro,285,112,str,required_call,Var,,"Var.str displays the value. Implicit Var-to-String extracts only a stored String payload, and quoted List/AST holes preserve the explicitly created String.",src/expressions-reports.xmacro:285; docs/src/reference/language.md:3763,"%(""the names share one C type but not one meaning: declare the converter ${$source.car()}_${$target.car().str().lower()}, or cast the expression to say so on purpose""));",True,compiler_rest
src/expressions.x:341:17,src/expressions.x,341,17,contains,safe_candidate,SymbolSet,needle in receiver,SymbolSet.contains is the membership target for `in`; nearby source already uses `in` on this receiver type. Preserve the same receiver and needle evaluation.,src/expressions.x:341; src/expressions.x:2570-2645; lib/symbolset.x:20; src/protocol.x:1215,primary_starts.contains(s) || s == <sizeof> || increments.contains(s) ||,False,compiler_core
src/expressions.x:341:60,src/expressions.x,341,60,contains,safe_candidate,SymbolSet,needle in receiver,SymbolSet.contains is the membership target for `in`; nearby source already uses `in` on this receiver type. Preserve the same receiver and needle evaluation.,src/expressions.x:341; src/expressions.x:2570-2645; lib/symbolset.x:20; src/protocol.x:1215,primary_starts.contains(s) || s == <sizeof> || increments.contains(s) ||,False,compiler_core
src/expressions.x:342:18,src/expressions.x,342,18,contains,safe_candidate,SymbolSet,needle in receiver,SymbolSet.contains is the membership target for `in`; nearby source already uses `in` on this receiver type. Preserve the same receiver and needle evaluation.,src/expressions.x:342; src/expressions.x:2570-2645; lib/symbolset.x:20; src/protocol.x:1215,unary_operators.contains(s);,True,compiler_core
src/expressions.x:399:29,src/expressions.x,399,29,contains,safe_candidate,SymbolSet,needle in receiver,SymbolSet.contains is the membership target for `in`; nearby source already uses `in` on this receiver type. Preserve the same receiver and needle evaluation.,src/expressions.x:399; src/expressions.x:2570-2645; lib/symbolset.x:20; src/protocol.x:1215,int increment = increments.contains(op);,True,compiler_core
src/expressions.x:400:37,src/expressions.x,400,37,contains,safe_candidate,SymbolSet,needle in receiver,SymbolSet.contains is the membership target for `in`; nearby source already uses `in` on this receiver type. Preserve the same receiver and needle evaluation.,src/expressions.x:400; src/expressions.x:2570-2645; lib/symbolset.x:20; src/protocol.x:1215,if (!increment && !unary_operators.contains(op)) return c._parse_postfix();,True,compiler_core
src/expressions.x:535:46,src/expressions.x,535,46,str,required_call,Var (method name),,"This call projects a syntax, type, Symbol, or Var value to its String spelling for a diagnostic, lookup, template hole, or generated identifier. Removing it requires a proved equivalent destination crossing.",src/expressions.x:535; src/expressions.x:3140-3154,"c._note_explicit_converter(result, name.str(), origin);",True,compiler_core
src/expressions.x:680:17,src/expressions.x,680,17,equal,conditional_candidate,Var,"receiver == argument, after exact binding probe",The explicit call receiver or argument is Var or a List element with a different static type. Confirm the same generated equality target and conversion before replacement.,src/expressions.x:680; src/operator-ledger.xmacro:15-16; var-protocol-call-catalog.md#focused-verification,definition.equal(<string>)) {,False,compiler_core
src/expressions.x:723:22,src/expressions.x,723,22,equal,conditional_candidate,Var,"receiver == argument, after exact binding probe",The explicit call receiver or argument is Var or a List element with a different static type. Confirm the same generated equality target and conversion before replacement.,src/expressions.x:723; src/operator-ledger.xmacro:15-16; var-protocol-call-catalog.md#focused-verification,return definition.equal(<string>);,True,compiler_core
src/expressions.x:974:44,src/expressions.x,974,44,contains,safe_candidate,Map,needle in receiver,Map.contains is the membership target for `in`; nearby source already uses `in` on this receiver type. Preserve the same receiver and needle evaluation.,src/expressions.x:974; src/expressions.x:2570-2645; lib/symbolset.x:20; src/protocol.x:1215,if (!c.semantic_binding_facts().contains(,False,compiler_core
src/expressions.x:1231:51,src/expressions.x,1231,51,equal,safe_candidate,String,receiver == argument,The receiver is statically List/Type or String. `==` selects the same equal member on these types; preserve operand evaluation.,src/expressions.x:1231; src/operator-ledger.xmacro:15-16; var-protocol-call-catalog.md#focused-verification,issued is not <string> || !issued.string().equal(spelling)),False,compiler_core
src/expressions.x:1279:29,src/expressions.x,1279,29,contains,safe_candidate,Map,needle in receiver,Map.contains is the membership target for `in`; nearby source already uses `in` on this receiver type. Preserve the same receiver and needle evaluation.,src/expressions.x:1279; src/expressions.x:2570-2645; lib/symbolset.x:20; src/protocol.x:1215,c.local_macro_captures.contains(binding)) return;,True,compiler_core
src/expressions.x:1301:22,src/expressions.x,1301,22,contains,safe_candidate,Map,needle in receiver,Map.contains is the membership target for `in`; nearby source already uses `in` on this receiver type. Preserve the same receiver and needle evaluation.,src/expressions.x:1301; src/expressions.x:2570-2645; lib/symbolset.x:20; src/protocol.x:1215,!binding_facts.contains(%(lambda-depth $binding))) ||,False,compiler_core
src/expressions.x:1308:21,src/expressions.x,1308,21,contains,safe_candidate,Map,needle in receiver,Map.contains is the membership target for `in`; nearby source already uses `in` on this receiver type. Preserve the same receiver and needle evaluation.,src/expressions.x:1308; src/expressions.x:2570-2645; lib/symbolset.x:20; src/protocol.x:1215,!binding_facts.contains(%(emitted $visible))),False,compiler_core
src/expressions.x:1362:41,src/expressions.x,1362,41,contains,safe_candidate,Map,needle in receiver,Map.contains is the membership target for `in`; nearby source already uses `in` on this receiver type. Preserve the same receiver and needle evaluation.,src/expressions.x:1362; src/expressions.x:2570-2645; lib/symbolset.x:20; src/protocol.x:1215,return !c.semantic_binding_facts().contains(%(lambda-snapshot $binding));,True,compiler_core
src/expressions.x:1512:40,src/expressions.x,1512,40,equal,safe_candidate,List (Type),receiver == argument,The receiver is statically List/Type or String. `==` selects the same equal member on these types; preserve operand evaluation.,src/expressions.x:1512; src/operator-ledger.xmacro:15-16; var-protocol-call-catalog.md#focused-verification,if (type && k.c.sym.resolve_key(type).equal(func_type)),False,compiler_core
src/expressions.x:1603:25,src/expressions.x,1603,25,contains,safe_candidate,Map,needle in receiver,Map.contains is the membership target for `in`; nearby source already uses `in` on this receiver type. Preserve the same receiver and needle evaluation.,src/expressions.x:1603; src/expressions.x:2570-2645; lib/symbolset.x:20; src/protocol.x:1215,c.protocol_helpers.contains(,False,compiler_core
src/expressions.x:1660:27,src/expressions.x,1660,27,str,required_call,Var (field head),,"This call projects a syntax, type, Symbol, or Var value to its String spelling for a diagnostic, lookup, template hole, or generated identifier. Removing it requires a proved equivalent destination crossing.",src/expressions.x:1660; src/expressions.x:3140-3154,k.method = k.field.car().str();,True,compiler_core
src/expressions.x:1782:55,src/expressions.x,1782,55,str,required_call,Var (field head),,"This call projects a syntax, type, Symbol, or Var value to its String spelling for a diagnostic, lookup, template hole, or generated identifier. Removing it requires a proved equivalent destination crossing.",src/expressions.x:1782; src/expressions.x:3140-3154,"c.protocol_rejects_direct_member(type, field.car().str());",True,compiler_core
src/expressions.x:1790:64,src/expressions.x,1790,64,str,required_call,Var (field head),,"This call projects a syntax, type, Symbol, or Var value to its String spelling for a diagnostic, lookup, template hole, or generated identifier. Removing it requires a proved equivalent destination crossing.",src/expressions.x:1790; src/expressions.x:3140-3154,"List resolved = c.resolve_protocol_member(type, field.car().str());",True,compiler_core
src/expressions.x:1954:40,src/expressions.x,1954,40,str,required_call,Var or Atom (syntax spelling),,"This call projects a syntax, type, Symbol, or Var value to its String spelling for a diagnostic, lookup, template hole, or generated identifier. Removing it requires a proved equivalent destination crossing.",src/expressions.x:1954; src/expressions.x:3140-3154,return base.is_aggregate_tag() ? name.str() : head.str();,True,compiler_core
src/expressions.x:1954:53,src/expressions.x,1954,53,str,required_call,Var or Atom (syntax spelling),,"This call projects a syntax, type, Symbol, or Var value to its String spelling for a diagnostic, lookup, template hole, or generated identifier. Removing it requires a proved equivalent destination crossing.",src/expressions.x:1954; src/expressions.x:3140-3154,return base.is_aggregate_tag() ? name.str() : head.str();,True,compiler_core
src/expressions.x:2286:29,src/expressions.x,2286,29,equal,safe_candidate,List (Type),receiver == argument,The receiver is statically List/Type or String. `==` selects the same equal member on these types; preserve operand evaluation.,src/expressions.x:2286; src/operator-ledger.xmacro:15-16; var-protocol-call-catalog.md#focused-verification,"return type.canonicalize().equal(%(""Iter""));",True,compiler_core
src/expressions.x:2730:32,src/expressions.x,2730,32,contains,safe_candidate,Map,needle in receiver,Map.contains is the membership target for `in`; nearby source already uses `in` on this receiver type. Preserve the same receiver and needle evaluation.,src/expressions.x:2730; src/expressions.x:2570-2645; lib/symbolset.x:20; src/protocol.x:1215,return c.protocol_helpers.contains(,False,compiler_core
src/expressions.x:2825:53,src/expressions.x,2825,53,str,required_call,Symbol,,"This call projects a syntax, type, Symbol, or Var value to its String spelling for a diagnostic, lookup, template hole, or generated identifier. Removing it requires a proved equivalent destination crossing.",src/expressions.x:2825; src/expressions.x:3140-3154,"return %(expr (""Symbol"") (literal (""Symbol"") ${tag.str()} $tag));",True,compiler_core
src/expressions.x:3052:38,src/expressions.x,3052,38,str,comment_or_string,none,,Comment documents explicit converter behavior; there is no call to change.,src/expressions.x:3052,"/* An explicit converter call, `value.str()` or `value.var()`, is the most",False,compiler_core
src/expressions.x:3065:34,src/expressions.x,3065,34,str,required_call,Var (AST element),,"This call projects a syntax, type, Symbol, or Var value to its String spelling for a diagnostic, lookup, template hole, or generated identifier. Removing it requires a proved equivalent destination crossing.",src/expressions.x:3065; src/expressions.x:3140-3154,String spelled = result.car().str().lower();,True,compiler_core
src/expressions.x:3128:12,src/expressions.x,3128,12,equal,safe_candidate,List,receiver == argument,The receiver is statically List/Type or String. `==` selects the same equal member on these types; preserve operand evaluation.,src/expressions.x:3128; src/operator-ledger.xmacro:15-16; var-protocol-call-catalog.md#focused-verification,if (!call.equal(parsed)) return;,True,compiler_core
src/expressions.x:3131:12,src/expressions.x,3131,12,equal,safe_candidate,List (Type),receiver == argument,The receiver is statically List/Type or String. `==` selects the same equal member on these types; preserve operand evaluation.,src/expressions.x:3131; src/operator-ledger.xmacro:15-16; var-protocol-call-catalog.md#focused-verification,"!List.equal(c.sym.resolve_key(call.cadr()), c.sym.resolve_key(target)))",False,compiler_core
src/expressions.x:3140:12,src/expressions.x,3140,12,str,comment_or_string,none,,Comment documents explicit converter behavior; there is no call to change.,src/expressions.x:3140,only `.str()` repeats the crossing. */,False,compiler_core
src/expressions.x:3163:7,src/expressions.x,3163,7,equal,safe_candidate,List (Type),receiver == argument,The receiver is statically List/Type or String. `==` selects the same equal member on these types; preserve operand evaluation.,src/expressions.x:3163; src/operator-ledger.xmacro:15-16; var-protocol-call-catalog.md#focused-verification,"List.equal(c.sym.resolve_key(source), c.sym.resolve_key(target)) ||",False,compiler_core
src/expressions.x:3171:29,src/expressions.x,3171,29,str,required_call,Var (AST element),,"This call projects a syntax, type, Symbol, or Var value to its String spelling for a diagnostic, lookup, template hole, or generated identifier. Removing it requires a proved equivalent destination crossing.",src/expressions.x:3171; src/expressions.x:3140-3154,"String from = source.car().str(), to = target.car().str();",True,compiler_core
src/expressions.x:3171:54,src/expressions.x,3171,54,str,required_call,Var (AST element),,"This call projects a syntax, type, Symbol, or Var value to its String spelling for a diagnostic, lookup, template hole, or generated identifier. Removing it requires a proved equivalent destination crossing.",src/expressions.x:3171; src/expressions.x:3140-3154,"String from = source.car().str(), to = target.car().str();",True,compiler_core
src/expressions.x:3197:20,src/expressions.x,3197,20,equal,safe_candidate,String,receiver == argument,The receiver is statically List/Type or String. `==` selects the same equal member on these types; preserve operand evaluation.,src/expressions.x:3197; src/operator-ledger.xmacro:15-16; var-protocol-call-catalog.md#focused-verification,"if (!String.equal(name, (String) info.name)) continue;",True,compiler_core
src/expressions.x:3369:32,src/expressions.x,3369,32,equal,safe_candidate,List (Type),receiver == argument,The receiver is statically List/Type or String. `==` selects the same equal member on these types; preserve operand evaluation.,src/expressions.x:3369; src/operator-ledger.xmacro:15-16; var-protocol-call-catalog.md#focused-verification,if (c.sym.resolve_key(target).equal(func_type)) {,False,compiler_core
src/expressions.x:3373:38,src/expressions.x,3373,38,equal,safe_candidate,List (Type),receiver == argument,The receiver is statically List/Type or String. `==` selects the same equal member on these types; preserve operand evaluation.,src/expressions.x:3373; src/operator-ledger.xmacro:15-16; var-protocol-call-catalog.md#focused-verification,if (type && c.sym.resolve_key(type).equal(func_type) &&,False,compiler_core
src/expressions.x:3405:20,src/expressions.x,3405,20,equal,safe_candidate,List (Type),receiver == argument,The receiver is statically List/Type or String. `==` selects the same equal member on these types; preserve operand evaluation.,src/expressions.x:3405; src/operator-ledger.xmacro:15-16; var-protocol-call-catalog.md#focused-verification,(!true_type.equal(false_type) &&,False,compiler_core
src/expressions.x:3582:39,src/expressions.x,3582,39,str,required_call,Var (AST element),,"This call projects a syntax, type, Symbol, or Var value to its String spelling for a diagnostic, lookup, template hole, or generated identifier. Removing it requires a proved equivalent destination crossing.",src/expressions.x:3582; src/expressions.x:3140-3154,"String reader = %""Var_${target.car().str().lower()}"", Type readertype = NULL;",True,compiler_core
src/expressions.x:3588:12,src/expressions.x,3588,12,equal,conditional_candidate,Var (List element) passed to List.equal,"receiver == argument, after exact binding probe",The explicit call receiver or argument is Var or a List element with a different static type. Confirm the same generated equality target and conversion before replacement.,src/expressions.x:3588; src/operator-ledger.xmacro:15-16; var-protocol-call-catalog.md#focused-verification,"!List.equal(parameters.car(), %(""Var"")) ||",False,compiler_core
src/expressions.x:3589:24,src/expressions.x,3589,24,equal,safe_candidate,List (Type),receiver == argument,The receiver is statically List/Type or String. `==` selects the same equal member on these types; preserve operand evaluation.,src/expressions.x:3589; src/operator-ledger.xmacro:15-16; var-protocol-call-catalog.md#focused-verification,!readertype.cdr().equal(target)),False,compiler_core
src/expressions.x:3606:41,src/expressions.x,3606,41,str,required_call,Var (AST element),,"This call projects a syntax, type, Symbol, or Var value to its String spelling for a diagnostic, lookup, template hole, or generated identifier. Removing it requires a proved equivalent destination crossing.",src/expressions.x:3606; src/expressions.x:3140-3154,"String typename = converter_type.car().str(), Type cvrtrtype = NULL;",True,compiler_core
src/expressions.x:3660:32,src/expressions.x,3660,32,str,required_call,Var (AST element),,"This call projects a syntax, type, Symbol, or Var value to its String spelling for a diagnostic, lookup, template hole, or generated identifier. Removing it requires a proved equivalent destination crossing.",src/expressions.x:3660; src/expressions.x:3140-3154,String typename = owner.car().str();,True,compiler_core
src/expressions.x:3672:17,src/expressions.x,3672,17,equal,safe_candidate,List (Type),receiver == argument,The receiver is statically List/Type or String. `==` selects the same equal member on these types; preserve operand evaluation.,src/expressions.x:3672; src/operator-ledger.xmacro:15-16; var-protocol-call-catalog.md#focused-verification,if (!cvrtrtype.equal(%((func ($owner)) @target)) &&,False,compiler_core
src/expressions.x:3674:55,src/expressions.x,3674,55,equal,safe_candidate,List (Type),receiver == argument,The receiver is statically List/Type or String. `==` selects the same equal member on these types; preserve operand evaluation.,src/expressions.x:3674; src/operator-ledger.xmacro:15-16; var-protocol-call-catalog.md#focused-verification,!c.sym.normalize_declared_type(cvrtrtype.cdr()).equal(,False,compiler_core
src/expressions.x:3684:32,src/expressions.x,3684,32,str,required_call,Var (AST element),,"This call projects a syntax, type, Symbol, or Var value to its String spelling for a diagnostic, lookup, template hole, or generated identifier. Removing it requires a proved equivalent destination crossing.",src/expressions.x:3684; src/expressions.x:3140-3154,"String typename = owner.car().str(), targetedname = target.car().str();",True,compiler_core
src/expressions.x:3684:67,src/expressions.x,3684,67,str,required_call,Var (AST element),,"This call projects a syntax, type, Symbol, or Var value to its String spelling for a diagnostic, lookup, template hole, or generated identifier. Removing it requires a proved equivalent destination crossing.",src/expressions.x:3684; src/expressions.x:3140-3154,"String typename = owner.car().str(), targetedname = target.car().str();",True,compiler_core
src/expressions.x:3798:23,src/expressions.x,3798,23,equal,safe_candidate,List (Type),receiver == argument,The receiver is statically List/Type or String. `==` selects the same equal member on these types; preserve operand evaluation.,src/expressions.x:3798; src/operator-ledger.xmacro:15-16; var-protocol-call-catalog.md#focused-verification,!declared_source.equal(declared_target) &&,False,compiler_core
src/expressions.x:3801:41,src/expressions.x,3801,41,contains,safe_candidate,Array,needle in receiver,Array.contains is the membership target for `in`; nearby source already uses `in` on this receiver type. Preserve the same receiver and needle evaluation.,src/expressions.x:3801; src/expressions.x:2570-2645; lib/symbolset.x:20; src/protocol.x:1215,!c._typedef_names(declared_source).contains(declared_target) &&,False,compiler_core
src/expressions.x:3802:41,src/expressions.x,3802,41,contains,safe_candidate,Array,needle in receiver,Array.contains is the membership target for `in`; nearby source already uses `in` on this receiver type. Preserve the same receiver and needle evaluation.,src/expressions.x:3802; src/expressions.x:2570-2645; lib/symbolset.x:20; src/protocol.x:1215,!c._typedef_names(declared_target).contains(declared_source)) {,False,compiler_core
src/format.x:47:29,src/format.x,47,29,str,required_call,Var,,"Var.str displays the value. Implicit Var-to-String extracts only a stored String payload, and quoted List/AST holes preserve the explicitly created String.",src/format.x:47; docs/src/reference/language.md:3763,String token = lst.car().str();,True,compiler_rest
src/format.x:210:30,src/format.x,210,30,str,required_call,Var,,"Var.str displays the value. Implicit Var-to-String extracts only a stored String payload, and quoted List/AST holes preserve the explicitly created String.",src/format.x:210; docs/src/reference/language.md:3763,"return _token_is(rest.car().str(), '}');",True,compiler_rest
src/generate.x:132:28,src/generate.x,132,28,add,required_call,Partition,,Custom add method mutates compiler state; String + is unrelated.,src/generate.x:132,"foreach (Ast node, ast) p.add(node);",True,compiler_rest
src/generate.x:168:22,src/generate.x,168,22,add,definition,Partition,,This declares the named method; it is not a call.,src/generate.x:168,"static void Partition.add(Partition &p, Ast node) {",False,compiler_rest
src/generate.x:424:43,src/generate.x,424,43,contains,safe_candidate,List,needle in receiver (parenthesize under !),The contextual in operator calls this receiver\u2019s contains member with the same key conversion.,src/generate.x:424; docs/src/reference/language.md:2947,"if (body.never_returns() && !type.list().contains(%(""_Noreturn"")) &&",False,compiler_rest
src/generate.x:564:39,src/generate.x,564,39,truth,safe_candidate,Var,omit .truth() in this condition or unary !,"In a condition or unary !, static Var truth conversion calls Var.truth at this same evaluation point.",src/generate.x:564; docs/src/reference/language.md:3113,case %(bind ?name *): if (name.truth()) return 1;,True,compiler_rest
src/generate.x:698:39,src/generate.x,698,39,contains,safe_candidate,Map,needle in receiver (parenthesize under !),The contextual in operator calls this receiver\u2019s contains member with the same key conversion.,src/generate.x:698; docs/src/reference/language.md:2947,if (group in filled || (!other.contains(group) && placed)),False,compiler_rest
src/generate.x:749:15,src/generate.x,749,15,truth,safe_candidate,Var,omit .truth() in this condition or unary !,"In a condition or unary !, static Var truth conversion calls Var.truth at this same evaluation point.",src/generate.x:749; docs/src/reference/language.md:3113,if (name.truth()),False,compiler_rest
src/generate.x:1308:25,src/generate.x,1308,25,equal,safe_candidate,List,receiver == argument (retain typed operands),The typed == operator selects this receiver\u2019s equal member; === would test identity instead.,src/generate.x:1308; docs/src/reference/language.md:3150,if (!global || !global.equal(binding) || !type.is_function()) return;,True,compiler_rest
src/initializers.x:93:34,src/initializers.x,93,34,equal,safe_candidate,Type (List alias),receiver == argument (retain typed operands),The typed == operator selects this receiver\u2019s equal member; === would test identity instead.,src/initializers.x:93; docs/src/reference/language.md:3150,if (c.sym.resolve_key(target).equal(c.sym.resolve_key(source))),False,compiler_rest
src/initializers.x:119:25,src/initializers.x,119,25,truth,safe_candidate,Var,omit .truth() in this condition or unary !,"In a condition or unary !, static Var truth conversion calls Var.truth at this same evaluation point.",src/initializers.x:119; docs/src/reference/language.md:3113,if (choice.caddr().truth()) { available = 1; break; },True,compiler_rest
src/initializers.x:255:19,src/initializers.x,255,19,truth,safe_candidate,Var,omit .truth() in this condition or unary !,"In a condition or unary !, static Var truth conversion calls Var.truth at this same evaluation point.",src/initializers.x:255; docs/src/reference/language.md:3113,if (!row.car().truth() &&,False,compiler_rest
src/initializers.x:320:35,src/initializers.x,320,35,equal,safe_candidate,Type (List alias),receiver == argument (retain typed operands),The typed == operator selects this receiver\u2019s equal member; === would test identity instead.,src/initializers.x:320; docs/src/reference/language.md:3150,if (c._initializer_shape(source).equal(resolved)) return 1;,True,compiler_rest
src/initializers.x:377:18,src/initializers.x,377,18,truth,safe_candidate,Var,omit .truth() in this condition or unary !,"In a condition or unary !, static Var truth conversion calls Var.truth at this same evaluation point.",src/initializers.x:377; docs/src/reference/language.md:3113,if (row.car().truth() || !type.is_bitfield()) break;,True,compiler_rest
src/initializers.x:449:22,src/initializers.x,449,22,truth,safe_candidate,Var,omit .truth() in this condition or unary !,"In a condition or unary !, static Var truth conversion calls Var.truth at this same evaluation point.",src/initializers.x:449; docs/src/reference/language.md:3113,else if (selector.truth()),False,compiler_rest
src/install.x:274:13,src/install.x,274,13,contains,safe_candidate,List,needle in receiver (parenthesize under !),The contextual in operator calls this receiver\u2019s contains member with the same key conversion.,src/install.x:274; docs/src/reference/language.md:2947,"if (!units.contains(%""$src/$name.x"") && !units.contains(%""$src/$name.xp""))",False,compiler_rest
src/install.x:274:49,src/install.x,274,49,contains,safe_candidate,List,needle in receiver (parenthesize under !),The contextual in operator calls this receiver\u2019s contains member with the same key conversion.,src/install.x:274; docs/src/reference/language.md:2947,"if (!units.contains(%""$src/$name.x"") && !units.contains(%""$src/$name.xp""))",False,compiler_rest
src/lambdas.x:429:15,src/lambdas.x,429,15,add,required_call,Capture,,Custom add method mutates compiler state; String + is unrelated.,src/lambdas.x:429,return k.add();,True,compiler_rest
src/lambdas.x:461:20,src/lambdas.x,461,20,add,definition,Capture,,This declares the named method; it is not a call.,src/lambdas.x:461,static List Capture.add(Capture &k) {,False,compiler_rest
src/linked-meta.x:283:18,src/linked-meta.x,283,18,truth,safe_candidate,Var,omit .truth() in this condition or unary !,"In a condition or unary !, static Var truth conversion calls Var.truth at this same evaluation point.",src/linked-meta.x:283; docs/src/reference/language.md:3113,if (!row[key].truth() || !row[value].truth()) continue;,True,compiler_rest
src/linked-meta.x:283:41,src/linked-meta.x,283,41,truth,safe_candidate,Var,omit .truth() in this condition or unary !,"In a condition or unary !, static Var truth conversion calls Var.truth at this same evaluation point.",src/linked-meta.x:283; docs/src/reference/language.md:3113,if (!row[key].truth() || !row[value].truth()) continue;,True,compiler_rest
src/linked-meta.x:301:52,src/linked-meta.x,301,52,contains,safe_candidate,String,needle in receiver (parenthesize under !),The contextual in operator calls this receiver\u2019s contains member with the same key conversion.,src/linked-meta.x:301; docs/src/reference/language.md:2947,"if (open == 0 || !source.endswith(""\"""") || source.contains(""\\"") ||",False,compiler_rest
src/linked-meta.x:302:13,src/linked-meta.x,302,13,contains,safe_candidate,String,needle in receiver (parenthesize under !),The contextual in operator calls this receiver\u2019s contains member with the same key conversion.,src/linked-meta.x:302; docs/src/reference/language.md:2947,"source.contains(""$""))",False,compiler_rest
src/linked-meta.x:351:56,src/linked-meta.x,351,56,str,required_call,int,,String + does not stringify an integer operand; int.str supplies the line-number text.,src/linked-meta.x:351; docs/src/reference/language.md:3164,"x2c_invocation_file() + "":"" + x2c_invocation_line().str());",True,compiler_rest
src/linked-meta.x:506:45,src/linked-meta.x,506,45,str,required_call,Var,,"Var.str displays the value. Implicit Var-to-String extracts only a stored String payload, and quoted List/AST holes preserve the explicitly created String.",src/linked-meta.x:506; docs/src/reference/language.md:3763,"static int _tag_unsigned(List row) => row[0].str().startswith(""u"");",True,compiler_rest
src/linked-meta.x:588:27,src/linked-meta.x,588,27,contains,safe_candidate,List,needle in receiver (parenthesize under !),The contextual in operator calls this receiver\u2019s contains member with the same key conversion.,src/linked-meta.x:588; docs/src/reference/language.md:2947,if (_tag_validated_ids().contains(_tag_id(row))) return 0;,True,compiler_rest
src/linked-meta.x:668:24,src/linked-meta.x,668,24,str,required_call,Var,,"Var.str displays the value. Implicit Var-to-String extracts only a stored String payload, and quoted List/AST holes preserve the explicitly created String.",src/linked-meta.x:668; docs/src/reference/language.md:3763,String tag = row[0].str();,True,compiler_rest
src/literals-reports.xmacro:56:59,src/literals-reports.xmacro,56,59,str,required_call,Var,,"Var.str displays the value. Implicit Var-to-String extracts only a stored String payload, and quoted List/AST holes preserve the explicitly created String.",src/literals-reports.xmacro:56; docs/src/reference/language.md:3763,"$c.token, %( ""token:"" ${$c.token.text} ""kind:"" ${$kind.str()} ));",True,compiler_rest
src/literals-reports.xmacro:66:40,src/literals-reports.xmacro,66,40,str,required_call,Var,,"Var.str displays the value. Implicit Var-to-String extracts only a stored String payload, and quoted List/AST holes preserve the explicitly created String.",src/literals-reports.xmacro:66; docs/src/reference/language.md:3763,"$c.token, %( ""binder-name:"" ${$atom.str()} ));",True,compiler_rest
src/literals.x:309:34,src/literals.x,309,34,str,required_call,Var,,"Var.str displays the value. Implicit Var-to-String extracts only a stored String payload, and quoted List/AST holes preserve the explicitly created String.",src/literals.x:309; docs/src/reference/language.md:3763,return c._atom_element(binder.str());,True,compiler_rest
src/literals.x:334:50,src/literals.x,334,50,str,required_call,Var,,"Var.str displays the value. Implicit Var-to-String extracts only a stored String payload, and quoted List/AST holes preserve the explicitly created String.",src/literals.x:334; docs/src/reference/language.md:3763,"tail = c.literal_cell(c._atom_element(element.str()), tail);",True,compiler_rest
src/macros.x:94:46,src/macros.x,94,46,str,required_call,Var or Atom (syntax spelling),,"This call projects a syntax, type, Symbol, or Var value to its String spelling for a diagnostic, lookup, template hole, or generated identifier. Removing it requires a proved equivalent destination crossing.",src/macros.x:94; src/expressions.x:3140-3154,"definition = c._lookup(Atom.intern(stored.str()), invocation);",True,compiler_core
src/macros.x:97:55,src/macros.x,97,55,str,required_call,Var or Atom (syntax spelling),,"This call projects a syntax, type, Symbol, or Var value to its String spelling for a diagnostic, lookup, template hole, or generated identifier. Removing it requires a proved equivalent destination crossing.",src/macros.x:97; src/expressions.x:3140-3154,definition = c.sym.lookup_macro(Atom.intern(name.str()));,True,compiler_core
src/macros.x:113:16,src/macros.x,113,16,equal,safe_candidate,List,receiver == argument,The receiver is statically List/Type or String. `==` selects the same equal member on these types; preserve operand evaluation.,src/macros.x:113; src/operator-ledger.xmacro:15-16; var-protocol-call-catalog.md#focused-verification,if (prior.equal(x.definition) && prior_input.equal(x.input)),False,compiler_core
src/macros.x:113:51,src/macros.x,113,51,equal,safe_candidate,List,receiver == argument,The receiver is statically List/Type or String. `==` selects the same equal member on these types; preserve operand evaluation.,src/macros.x:113; src/operator-ledger.xmacro:15-16; var-protocol-call-catalog.md#focused-verification,if (prior.equal(x.definition) && prior_input.equal(x.input)),False,compiler_core
src/macros.x:125:25,src/macros.x,125,25,str,required_call,Atom,,Atom.str returns the token spelling. A focused probe shows implicit Atom-to-String lowers through Var_string and can yield empty text for a compact Atom; the explicit call cannot be removed.,src/macros.x:125; var-protocol-call-catalog.md#focused-verification; var-protocol-call-catalog.md#focused-verification,String spelling = name.str();,True,compiler_core
src/macros.x:191:52,src/macros.x,191,52,str,required_call,Var or Atom (syntax spelling),,"This call projects a syntax, type, Symbol, or Var value to its String spelling for a diagnostic, lookup, template hole, or generated identifier. Removing it requires a proved equivalent destination crossing.",src/macros.x:191; src/expressions.x:3140-3154,"List binding = c._introduced_binding(spelling.str(), owner);",True,compiler_core
src/macros.x:197:45,src/macros.x,197,45,str,required_call,Var or Atom (syntax spelling),,"This call projects a syntax, type, Symbol, or Var value to its String spelling for a diagnostic, lookup, template hole, or generated identifier. Removing it requires a proved equivalent destination crossing.",src/macros.x:197; src/expressions.x:3140-3154,"%($binder ${c._private_name(spelling.str(), owner)}), x.direct);",True,compiler_core
src/macros.x:248:16,src/macros.x,248,16,str,required_call,Var or Atom (syntax spelling),,"This call projects a syntax, type, Symbol, or Var value to its String spelling for a diagnostic, lookup, template hole, or generated identifier. Removing it requires a proved equivalent destination crossing.",src/macros.x:248; src/expressions.x:3140-3154,"!binder.str().startswith(""?__macro_"") &&",False,compiler_core
src/macros.x:249:16,src/macros.x,249,16,str,required_call,Var or Atom (syntax spelling),,"This call projects a syntax, type, Symbol, or Var value to its String spelling for a diagnostic, lookup, template hole, or generated identifier. Removing it requires a proved equivalent destination crossing.",src/macros.x:249; src/expressions.x:3140-3154,"!binder.str().startswith(""*__macro_""))",False,compiler_core
src/macros.x:451:27,src/macros.x,451,27,str,required_call,Atom,,Atom.str returns the token spelling. A focused probe shows implicit Atom-to-String lowers through Var_string and can yield empty text for a compact Atom; the explicit call cannot be removed.,src/macros.x:451; var-protocol-call-catalog.md#focused-verification; var-protocol-call-catalog.md#focused-verification,String spelling = d.name.str();,True,compiler_core
src/macros.x:750:50,src/macros.x,750,50,str,required_call,Var (AST element),,"This call projects a syntax, type, Symbol, or Var value to its String spelling for a diagnostic, lookup, template hole, or generated identifier. Removing it requires a proved equivalent destination crossing.",src/macros.x:750; src/expressions.x:3140-3154,String hole_spelling = hole.assoc(<binder>).str()[1:];,True,compiler_core
src/macros.x:760:34,src/macros.x,760,34,str,required_call,Var or Atom (syntax spelling),,"This call projects a syntax, type, Symbol, or Var value to its String spelling for a diagnostic, lookup, template hole, or generated identifier. Removing it requires a proved equivalent destination crossing.",src/macros.x:760; src/expressions.x:3140-3154,fresh.push(%($binder ${binder.str()[1:]} 1));,True,compiler_core
src/macros.x:965:39,src/macros.x,965,39,str,required_call,Var (AST element),,"This call projects a syntax, type, Symbol, or Var value to its String spelling for a diagnostic, lookup, template hole, or generated identifier. Removing it requires a proved equivalent destination crossing.",src/macros.x:965; src/expressions.x:3140-3154,String binder = hole.assoc(<binder>).str();,True,compiler_core
src/macros.x:1031:14,src/macros.x,1031,14,str,required_call,Symbol,,"This call projects a syntax, type, Symbol, or Var value to its String spelling for a diagnostic, lookup, template hole, or generated identifier. Removing it requires a proved equivalent destination crossing.",src/macros.x:1031; src/expressions.x:3140-3154,return kind.str().capitalize();,True,compiler_core
src/macros.x:1110:31,src/macros.x,1110,31,contains,safe_candidate,SymbolSet,needle in receiver,SymbolSet.contains is the membership target for `in`; nearby source already uses `in` on this receiver type. Preserve the same receiver and needle evaluation.,src/macros.x:1110; src/expressions.x:2570-2645; lib/symbolset.x:20; src/protocol.x:1215,operand_continuations.contains(type) ||,False,compiler_core
src/macros.x:1173:21,src/macros.x,1173,21,contains,safe_candidate,SymbolSet,needle in receiver,SymbolSet.contains is the membership target for `in`; nearby source already uses `in` on this receiver type. Preserve the same receiver and needle evaluation.,src/macros.x:1173; src/expressions.x:2570-2645; lib/symbolset.x:20; src/protocol.x:1215,if (!untyped_roles.contains(role)) {,False,compiler_core
src/macros.x:1354:51,src/macros.x,1354,51,str,required_call,Var or Atom (syntax spelling),,"This call projects a syntax, type, Symbol, or Var value to its String spelling for a diagnostic, lookup, template hole, or generated identifier. Removing it requires a proved equivalent destination crossing.",src/macros.x:1354; src/expressions.x:3140-3154,"c.resolve_expression(%(expr () (ident ${name.str()})), origin), origin);",True,compiler_core
src/macros.x:1406:42,src/macros.x,1406,42,str,required_call,Var (AST element),,"This call projects a syntax, type, Symbol, or Var value to its String spelling for a diagnostic, lookup, template hole, or generated identifier. Removing it requires a proved equivalent destination crossing.",src/macros.x:1406; src/expressions.x:3140-3154,"%(expr () (ident ${_hole_name(hole).str()})), values, start);",True,compiler_core
src/macros.x:1469:31,src/macros.x,1469,31,str,required_call,Var or Atom (syntax spelling),,"This call projects a syntax, type, Symbol, or Var value to its String spelling for a diagnostic, lookup, template hole, or generated identifier. Removing it requires a proved equivalent destination crossing.",src/macros.x:1469; src/expressions.x:3140-3154,"if (item.is_binder() && item.str()[1:].startswith(""__macro_"")) return NULL;",True,compiler_core
src/macros.x:1489:42,src/macros.x,1489,42,str,required_call,Var (AST element),,"This call projects a syntax, type, Symbol, or Var value to its String spelling for a diagnostic, lookup, template hole, or generated identifier. Removing it requires a proved equivalent destination crossing.",src/macros.x:1489; src/expressions.x:3140-3154,"%(expr () (ident ${_hole_name(hole).str()})), start), %(""Var""));",True,compiler_core
src/macros.x:1559:33,src/macros.x,1559,33,str,required_call,Var or Atom (syntax spelling),,"This call projects a syntax, type, Symbol, or Var value to its String spelling for a diagnostic, lookup, template hole, or generated identifier. Removing it requires a proved equivalent destination crossing.",src/macros.x:1559; src/expressions.x:3140-3154,"if (!item.is_binder() || !item.str()[1:].startswith(""__macro_""))",False,compiler_core
src/macros.x:1601:59,src/macros.x,1601,59,str,required_call,Var (AST element),,"This call projects a syntax, type, Symbol, or Var value to its String spelling for a diagnostic, lookup, template hole, or generated identifier. Removing it requires a proved equivalent destination crossing.",src/macros.x:1601; src/expressions.x:3140-3154,"c.resolve_expression(%(expr () (ident ${_hole_name(hole).str()})), start);",True,compiler_core
src/macros.x:1653:30,src/macros.x,1653,30,str,required_call,Var or Atom (syntax spelling),,"This call projects a syntax, type, Symbol, or Var value to its String spelling for a diagnostic, lookup, template hole, or generated identifier. Removing it requires a proved equivalent destination crossing.",src/macros.x:1653; src/expressions.x:3140-3154,"c._cardinality_error(name.str(), sequence, token);",True,compiler_core
src/macros.x:1660:27,src/macros.x,1660,27,str,required_call,Var or Atom (syntax spelling),,"This call projects a syntax, type, Symbol, or Var value to its String spelling for a diagnostic, lookup, template hole, or generated identifier. Removing it requires a proved equivalent destination crossing.",src/macros.x:1660; src/expressions.x:3140-3154,String spelling = name.str();,True,compiler_core
src/macros.x:2038:19,src/macros.x,2038,19,contains,safe_candidate,SymbolSet,needle in receiver,SymbolSet.contains is the membership target for `in`; nearby source already uses `in` on this receiver type. Preserve the same receiver and needle evaluation.,src/macros.x:2038; src/expressions.x:2570-2645; lib/symbolset.x:20; src/protocol.x:1215,if (!alias_kinds.contains(kind)) {,False,compiler_core
src/macros.x:2197:20,src/macros.x,2197,20,str,required_call,Var or Atom (syntax spelling),,"This call projects a syntax, type, Symbol, or Var value to its String spelling for a diagnostic, lookup, template hole, or generated identifier. Removing it requires a proved equivalent destination crossing.",src/macros.x:2197; src/expressions.x:3140-3154,"c._unbound(name.str(), invocation);",True,compiler_core
src/macros.x:2212:25,src/macros.x,2212,25,str,required_call,Var or Atom (syntax spelling),,"This call projects a syntax, type, Symbol, or Var value to its String spelling for a diagnostic, lookup, template hole, or generated identifier. Removing it requires a proved equivalent destination crossing.",src/macros.x:2212; src/expressions.x:3140-3154,String spelling = name.str();,True,compiler_core
src/macros.x:2223:25,src/macros.x,2223,25,str,required_call,Var or Atom (syntax spelling),,"This call projects a syntax, type, Symbol, or Var value to its String spelling for a diagnostic, lookup, template hole, or generated identifier. Removing it requires a proved equivalent destination crossing.",src/macros.x:2223; src/expressions.x:3140-3154,String spelling = name.str();,True,compiler_core
src/macros.x:2537:27,src/macros.x,2537,27,str,required_call,Var or Atom (syntax spelling),,"This call projects a syntax, type, Symbol, or Var value to its String spelling for a diagnostic, lookup, template hole, or generated identifier. Removing it requires a proved equivalent destination crossing.",src/macros.x:2537; src/expressions.x:3140-3154,"String spelling = direct.str(), prefix = _forwarded_prefix(spelling);",True,compiler_core
src/macros.x:2556:62,src/macros.x,2556,62,str,required_call,Var (AST element),,"This call projects a syntax, type, Symbol, or Var value to its String spelling for a diagnostic, lookup, template hole, or generated identifier. Removing it requires a proved equivalent destination crossing.",src/macros.x:2556; src/expressions.x:3140-3154,"String prefix = Macro.binder(<?>, projection, sequence).str();",True,compiler_core
src/macros.x:2630:25,src/macros.x,2630,25,str,required_call,Atom,,Atom.str returns the token spelling. A focused probe shows implicit Atom-to-String lowers through Var_string and can yield empty text for a compact Atom; the explicit call cannot be removed.,src/macros.x:2630; var-protocol-call-catalog.md#focused-verification; var-protocol-call-catalog.md#focused-verification,"String spelling = name.str(), result_kind = _kind_spelling(kind);",True,compiler_core
src/macros.x:2725:25,src/macros.x,2725,25,str,required_call,Atom,,Atom.str returns the token spelling. A focused probe shows implicit Atom-to-String lowers through Var_string and can yield empty text for a compact Atom; the explicit call cannot be removed.,src/macros.x:2725; var-protocol-call-catalog.md#focused-verification; var-protocol-call-catalog.md#focused-verification,"String spelling = name.str(), target = _kind_spelling(d.kind);",True,compiler_core
src/macros.x:2740:27,src/macros.x,2740,27,str,required_call,Atom,,Atom.str returns the token spelling. A focused probe shows implicit Atom-to-String lowers through Var_string and can yield empty text for a compact Atom; the explicit call cannot be removed.,src/macros.x:2740; var-protocol-call-catalog.md#focused-verification; var-protocol-call-catalog.md#focused-verification,String spelling = name.str();,True,compiler_core
src/macros.x:2978:45,src/macros.x,2978,45,str,required_call,Var (AST element),,"This call projects a syntax, type, Symbol, or Var value to its String spelling for a diagnostic, lookup, template hole, or generated identifier. Removing it requires a proved equivalent destination crossing.",src/macros.x:2978; src/expressions.x:3140-3154,String spelling = definition.assoc(<name>).str();,True,compiler_core
src/macros.x:2988:47,src/macros.x,2988,47,str,required_call,Var (AST element),,"This call projects a syntax, type, Symbol, or Var value to its String spelling for a diagnostic, lookup, template hole, or generated identifier. Removing it requires a proved equivalent destination crossing.",src/macros.x:2988; src/expressions.x:3140-3154,String spelling = definition.assoc(<name>).str();,True,compiler_core
src/macros.x:3147:29,src/macros.x,3147,29,str,required_call,Var or Atom (syntax spelling),,"This call projects a syntax, type, Symbol, or Var value to its String spelling for a diagnostic, lookup, template hole, or generated identifier. Removing it requires a proved equivalent destination crossing.",src/macros.x:3147; src/expressions.x:3140-3154,String spelling = binder.str()[1:];,True,compiler_core
src/macros.x:3244:44,src/macros.x,3244,44,str,required_call,Var or Atom (syntax spelling),,"This call projects a syntax, type, Symbol, or Var value to its String spelling for a diagnostic, lookup, template hole, or generated identifier. Removing it requires a proved equivalent destination crossing.",src/macros.x:3244; src/expressions.x:3140-3154,"stored is <string> ? Atom.intern(stored.str()) : stored, values);",True,compiler_core
src/macros.x:3315:50,src/macros.x,3315,50,str,required_call,Var or Atom (syntax spelling),,"This call projects a syntax, type, Symbol, or Var value to its String spelling for a diagnostic, lookup, template hole, or generated identifier. Removing it requires a proved equivalent destination crossing.",src/macros.x:3315; src/expressions.x:3140-3154,"stored is <string> ? Atom.intern(stored.str()) : stored, values);",True,compiler_core
src/macros.x:3464:15,src/macros.x,3464,15,str,required_call,Var or Atom (syntax spelling),,"This call projects a syntax, type, Symbol, or Var value to its String spelling for a diagnostic, lookup, template hole, or generated identifier. Removing it requires a proved equivalent destination crossing.",src/macros.x:3464; src/expressions.x:3140-3154,"spelling.str(), file_scope && file.int() ? root : NULL);",True,compiler_core
src/macros.x:3683:39,src/macros.x,3683,39,str,required_call,Var or Atom (syntax spelling),,"This call projects a syntax, type, Symbol, or Var value to its String spelling for a diagnostic, lookup, template hole, or generated identifier. Removing it requires a proved equivalent destination crossing.",src/macros.x:3683; src/expressions.x:3140-3154,"if (pattern.is_binder() && pattern.str() != ""*"") {",False,compiler_core
src/macros.x:3719:16,src/macros.x,3719,16,str,required_call,Var or Atom (syntax spelling),,"This call projects a syntax, type, Symbol, or Var value to its String spelling for a diagnostic, lookup, template hole, or generated identifier. Removing it requires a proved equivalent destination crossing.",src/macros.x:3719; src/expressions.x:3140-3154,"if (child.str().startswith(""*"") && replacement is <list>)",False,compiler_core
src/macros.x:3777:36,src/macros.x,3777,36,str,required_call,Var or Atom (syntax spelling),,"This call projects a syntax, type, Symbol, or Var value to its String spelling for a diagnostic, lookup, template hole, or generated identifier. Removing it requires a proved equivalent destination crossing.",src/macros.x:3777; src/expressions.x:3140-3154,"if (binder) c._unbound(binder.str(), c.token);",True,compiler_core
src/macros.x:3809:38,src/macros.x,3809,38,str,required_call,Var or Atom (syntax spelling),,"This call projects a syntax, type, Symbol, or Var value to its String spelling for a diagnostic, lookup, template hole, or generated identifier. Removing it requires a proved equivalent destination crossing.",src/macros.x:3809; src/expressions.x:3140-3154,if (value.is_binder()) return value.str().len() > 1 ? value : NULL;,True,compiler_core
src/macros.x:3813:35,src/macros.x,3813,35,str,required_call,Var or Atom (syntax spelling),,"This call projects a syntax, type, Symbol, or Var value to its String spelling for a diagnostic, lookup, template hole, or generated identifier. Removing it requires a proved equivalent destination crossing.",src/macros.x:3813; src/expressions.x:3140-3154,if (name.is_binder() && name.str().len() > 1) return name;,True,compiler_core
src/macros.x:3815:35,src/macros.x,3815,35,str,required_call,Var or Atom (syntax spelling),,"This call projects a syntax, type, Symbol, or Var value to its String spelling for a diagnostic, lookup, template hole, or generated identifier. Removing it requires a proved equivalent destination crossing.",src/macros.x:3815; src/expressions.x:3140-3154,if (name.is_binder() && name.str().len() > 1) return name;,True,compiler_core
src/main.x:659:42,src/main.x,659,42,str,safe_candidate,String,omit .str(),"String.str returns its receiver unchanged, so the surrounding C call or format receives the same pointer.",src/main.x:659; lib/string.x:1193,"if (!wanted) printf(""%s = %s\n"", name.str(), text);",True,compiler_rest
src/meta-group.x:329:32,src/meta-group.x,329,32,contains,safe_candidate,String,needle in receiver (parenthesize under !),The contextual in operator calls this receiver\u2019s contains member with the same key conversion.,src/meta-group.x:329; docs/src/reference/language.md:2947,"!dependency[lib.len():].contains(""/""))",False,compiler_rest
src/meta-group.x:491:54,src/meta-group.x,491,54,str,required_call,Var,,"Var.str displays the value. Implicit Var-to-String extracts only a stored String payload, and quoted List/AST holes preserve the explicitly created String.",src/meta-group.x:491; docs/src/reference/language.md:3763,": %(expr (""Var"") ${c.cache_literal_var(stored.str())});",True,compiler_rest
src/meta-group.x:554:42,src/meta-group.x,554,42,equal,safe_candidate,Type (List alias),receiver == argument (retain typed operands),The typed == operator selects this receiver\u2019s equal member; === would test identity instead.,src/meta-group.x:554; docs/src/reference/language.md:3150,c.sym.normalize_declared_type(declared).equal(,False,compiler_rest
src/meta-group.x:556:43,src/meta-group.x,556,43,equal,safe_candidate,Type (List alias),receiver == argument (retain typed operands),The typed == operator selects this receiver\u2019s equal member; === would test identity instead.,src/meta-group.x:556; docs/src/reference/language.md:3150,c.sym.normalize_declared_type(parameter).equal(,False,compiler_rest
src/meta-group.x:595:23,src/meta-group.x,595,23,equal,safe_candidate,Var,receiver == argument (retain typed operands),The typed == operator selects this receiver\u2019s equal member; === would test identity instead.,src/meta-group.x:595; docs/src/reference/language.md:3150,if (units[i].equal(declaration)),False,compiler_rest
src/meta-native.x:120:17,src/meta-native.x,120,17,equal,safe_candidate,List,receiver == argument (retain typed operands),The typed == operator selects this receiver\u2019s equal member; === would test identity instead.,src/meta-native.x:120; docs/src/reference/language.md:3150,if (parameters.equal(%((void)))) parameters = NULL;,True,compiler_rest
src/meta-native.x:447:34,src/meta-native.x,447,34,equal,safe_candidate,Var,receiver == argument (retain typed operands),The typed == operator selects this receiver\u2019s equal member; === would test identity instead.,src/meta-native.x:447; docs/src/reference/language.md:3150,if (suppliers.cdr() && function.equal(n.module_target())),False,compiler_rest
src/meta-native.x:479:20,src/meta-native.x,479,20,equal,safe_candidate,Type (List alias),receiver == argument (retain typed operands),The typed == operator selects this receiver\u2019s equal member; === would test identity instead.,src/meta-native.x:479; docs/src/reference/language.md:3150,return target.equal(c._native_signature_type(signature)) ||,False,compiler_rest
src/meta-native.x:480:20,src/meta-native.x,480,20,equal,safe_candidate,Type (List alias),receiver == argument (retain typed operands),The typed == operator selects this receiver\u2019s equal member; === would test identity instead.,src/meta-native.x:480; docs/src/reference/language.md:3150,target.equal(c._native_signature_type(%((func $boxed) @result)));,True,compiler_rest
src/meta-native.x:516:51,src/meta-native.x,516,51,equal,safe_candidate,Var,receiver == argument (retain typed operands),The typed == operator selects this receiver\u2019s equal member; === would test identity instead.,src/meta-native.x:516; docs/src/reference/language.md:3150,"if (!c.macro_lisp.try_get(name, bound) || !bound.equal(target)) return NULL;",True,compiler_rest
src/meta-native.x:570:21,src/meta-native.x,570,21,equal,safe_candidate,Var,receiver == argument (retain typed operands),The typed == operator selects this receiver\u2019s equal member; === would test identity instead.,src/meta-native.x:570; docs/src/reference/language.md:3150,"return pointee.equal(%(void)) || c._native_handle(pointee, 0);",True,compiler_rest
src/meta-native.x:677:45,src/meta-native.x,677,45,equal,safe_candidate,Var,receiver == argument (retain typed operands),The typed == operator selects this receiver\u2019s equal member; === would test identity instead.,src/meta-native.x:677; docs/src/reference/language.md:3150,"return parameters && parameters.last().equal(%(""Iter""));",True,compiler_rest
src/meta-native.x:710:50,src/meta-native.x,710,50,equal,safe_candidate,Var,receiver == argument (retain typed operands),The typed == operator selects this receiver\u2019s equal member; === would test identity instead.,src/meta-native.x:710; docs/src/reference/language.md:3150,"if (!c.macro_lisp.try_get(name, bound) || bound.equal(%()))",False,compiler_rest
src/meta-native.x:752:14,src/meta-native.x,752,14,equal,safe_candidate,Var,receiver == argument (retain typed operands),The typed == operator selects this receiver\u2019s equal member; === would test identity instead.,src/meta-native.x:752; docs/src/reference/language.md:3150,if (!hash.equal(own)) return 0;,True,compiler_rest
src/meta-project.x:483:39,src/meta-project.x,483,39,add,safe_candidate,String,"String.new(""$(import "") + path.repr()",String + dispatches to String.add for these String operands.,src/meta-project.x:483; docs/src/reference/language.md:3164,"lines.push(String.new(""$(import "").add(path.repr()).add("")""));",True,compiler_rest
src/meta-project.x:483:56,src/meta-project.x,483,56,add,safe_candidate,String,"String.new(""$(import "").add(path.repr()) + "")""",String + dispatches to String.add for these String operands.,src/meta-project.x:483; docs/src/reference/language.md:3164,"lines.push(String.new(""$(import "").add(path.repr()).add("")""));",True,compiler_rest
src/meta-project.x:485:55,src/meta-project.x,485,55,add,safe_candidate,String,"""\n"".join(lines.list_free()) + ""\n""",String + dispatches to String.add for these String operands.,src/meta-project.x:485; docs/src/reference/language.md:3164,"Path.write_text(source, ""\n"".join(lines.list_free()).add(""\n""));",True,compiler_rest
src/meta-sdk-reports.xmacro:13:43,src/meta-sdk-reports.xmacro,13,43,str,required_call,Var,,"Var.str displays the value. Implicit Var-to-String extracts only a stored String payload, and quoted List/AST holes preserve the explicitly created String.",src/meta-sdk-reports.xmacro:13; docs/src/reference/language.md:3763,String owner = $type.base_type().car().str();,True,compiler_rest
src/meta-sdk-reports.xmacro:65:26,src/meta-sdk-reports.xmacro,65,26,getindex,conditional_candidate,List (macro Expr parameter),$values[$duplicate],List brackets dispatch to getindex for int duplicate; confirm macro Expr substitution preserves the known List/int types.,src/meta-sdk-reports.xmacro:65; lib/list.x:473,"%(""symbol:"" ${$values.getindex($duplicate).repr()}));",True,compiler_rest
src/meta-sdk.x:241:51,src/meta-sdk.x,241,51,truth,safe_candidate,Var,omit .truth() in this condition or unary !,"In a condition or unary !, static Var truth conversion calls Var.truth at this same evaluation point.",src/meta-sdk.x:241; docs/src/reference/language.md:3113,"foreach (List row, metadata.cdr()) if (row.car().truth()) named.push(row);",True,compiler_rest
src/meta-sdk.x:280:57,src/meta-sdk.x,280,57,equal,safe_candidate,String,receiver == argument (retain typed operands),The typed == operator selects this receiver\u2019s equal member; === would test identity instead.,src/meta-sdk.x:280; docs/src/reference/language.md:3150,if (registered is not <string> || !registered.string().equal(spelling)),False,compiler_rest
src/meta-sdk.x:574:49,src/meta-sdk.x,574,49,str,required_call,Var,,"Var.str displays the value. Implicit Var-to-String extracts only a stored String payload, and quoted List/AST holes preserve the explicitly created String.",src/meta-sdk.x:574; docs/src/reference/language.md:3763,"foreach (Var word, type) words.push(word.str());",True,compiler_rest
src/operator-ledger.xmacro:38:18,src/operator-ledger.xmacro,38,18,truth,safe_candidate,Var,omit .truth() in this condition or unary !,"In a condition or unary !, static Var truth conversion calls Var.truth at this same evaluation point.",src/operator-ledger.xmacro:38; docs/src/reference/language.md:3113,if (!row[key].truth() || !row[value].truth()) continue;,True,compiler_rest
src/operator-ledger.xmacro:38:41,src/operator-ledger.xmacro,38,41,truth,safe_candidate,Var,omit .truth() in this condition or unary !,"In a condition or unary !, static Var truth conversion calls Var.truth at this same evaluation point.",src/operator-ledger.xmacro:38; docs/src/reference/language.md:3113,if (!row[key].truth() || !row[value].truth()) continue;,True,compiler_rest
src/parse-reports.xmacro:11:66,src/parse-reports.xmacro,11,66,str,required_call,Var,,"Var.str displays the value. Implicit Var-to-String extracts only a stored String payload, and quoted List/AST holes preserve the explicitly created String.",src/parse-reports.xmacro:11; docs/src/reference/language.md:3763,"$c.token, %(""token:"" ${$c.token.text} ""symbol:"" ${$unexpected.str()}));",True,compiler_rest
src/parse-reports.xmacro:130:37,src/parse-reports.xmacro,130,37,str,required_call,Var,,"Var.str displays the value. Implicit Var-to-String extracts only a stored String payload, and quoted List/AST holes preserve the explicitly created String.",src/parse-reports.xmacro:130; docs/src/reference/language.md:3763,"$c.token, %(""dimension:"" ${$expr.str()} ""symbol:"" ${$unexpected.str()}));",True,compiler_rest
src/parse-reports.xmacro:130:68,src/parse-reports.xmacro,130,68,str,required_call,Var,,"Var.str displays the value. Implicit Var-to-String extracts only a stored String payload, and quoted List/AST holes preserve the explicitly created String.",src/parse-reports.xmacro:130; docs/src/reference/language.md:3763,"$c.token, %(""dimension:"" ${$expr.str()} ""symbol:"" ${$unexpected.str()}));",True,compiler_rest
src/parse-reports.xmacro:156:40,src/parse-reports.xmacro,156,40,str,required_call,Var,,"Var.str displays the value. Implicit Var-to-String extracts only a stored String payload, and quoted List/AST holes preserve the explicitly created String.",src/parse-reports.xmacro:156; docs/src/reference/language.md:3763,"$c.token, %(""parameters:"" ${$params.str()}",False,compiler_rest
src/parse-reports.xmacro:157:30,src/parse-reports.xmacro,157,30,str,required_call,Var,,"Var.str displays the value. Implicit Var-to-String extracts only a stored String payload, and quoted List/AST holes preserve the explicitly created String.",src/parse-reports.xmacro:157; docs/src/reference/language.md:3763,"""symbol:"" ${$unexpected.str()}));",True,compiler_rest
src/parse.x:760:42,src/parse.x,760,42,equal,safe_candidate,Var,receiver == argument (retain typed operands),The typed == operator selects this receiver\u2019s equal member; === would test identity instead.,src/parse.x:760; docs/src/reference/language.md:3150,(definition is <list> || definition.equal(<wrapper>))),False,compiler_rest
src/parse.x:1043:22,src/parse.x,1043,22,equal,safe_candidate,Var,receiver == argument (retain typed operands),The typed == operator selects this receiver\u2019s equal member; === would test identity instead.,src/parse.x:1043; docs/src/reference/language.md:3150,definition.equal(<annotation>)));,True,compiler_rest
src/parse.x:1061:17,src/parse.x,1061,17,equal,safe_candidate,Var,receiver == argument (retain typed operands),The typed == operator selects this receiver\u2019s equal member; === would test identity instead.,src/parse.x:1061; docs/src/reference/language.md:3150,if (definition.equal(<wrapper>) && c.peek(1) == <(>) {,False,compiler_rest
src/parse.x:1232:20,src/parse.x,1232,20,equal,safe_candidate,Var,receiver == argument (retain typed operands),The typed == operator selects this receiver\u2019s equal member; === would test identity instead.,src/parse.x:1232; docs/src/reference/language.md:3150,!definition.equal(%())),False,compiler_rest
src/parse.x:1569:29,src/parse.x,1569,29,equal,safe_candidate,List,receiver == argument (retain typed operands),The typed == operator selects this receiver\u2019s equal member; === would test identity instead.,src/parse.x:1569; docs/src/reference/language.md:3150,if (existing && existing.equal(binding)) return input;,True,compiler_rest
src/parse.x:1597:12,src/parse.x,1597,12,equal,safe_candidate,Type (List alias),receiver == argument (retain typed operands),The typed == operator selects this receiver\u2019s equal member; === would test identity instead.,src/parse.x:1597; docs/src/reference/language.md:3150,if (value.equal(type)) return 1;,True,compiler_rest
src/parse.x:1979:51,src/parse.x,1979,51,str,required_call,Var,,"Var.str displays the value. Implicit Var-to-String extracts only a stored String payload, and quoted List/AST holes preserve the explicitly created String.",src/parse.x:1979; docs/src/reference/language.md:3763,owner is <symbol> ? owner.symbol() : owner.str();,True,compiler_rest
src/parse.x:2010:33,src/parse.x,2010,33,contains,safe_candidate,Map,needle in receiver (parenthesize under !),The contextual in operator calls this receiver\u2019s contains member with the same key conversion.,src/parse.x:2010; docs/src/reference/language.md:2947,c.semantic_binding_facts().contains(%(parameter $existing)))) {,False,compiler_rest
src/parse.x:2798:47,src/parse.x,2798,47,str,required_call,Var,,"Var.str displays the value. Implicit Var-to-String extracts only a stored String payload, and quoted List/AST holes preserve the explicitly created String.",src/parse.x:2798; docs/src/reference/language.md:3763,if (spelling is not void) spellings[binder.str()[1:]] = spelling;,True,compiler_rest
src/parse.x:3453:15,src/parse.x,3453,15,equal,safe_candidate,List,receiver == argument (retain typed operands),The typed == operator selects this receiver\u2019s equal member; === would test identity instead.,src/parse.x:3453; docs/src/reference/language.md:3150,"if (List.equal(binding, native_binding))",False,compiler_rest
src/preprocess.x:49:58,src/preprocess.x,49,58,contains,safe_candidate,String,needle in receiver (parenthesize under !),The contextual in operator calls this receiver\u2019s contains member with the same key conversion.,src/preprocess.x:49; docs/src/reference/language.md:2947,"(line.startswith(""if defined <never> && "") && !line.contains("" || "")))",False,compiler_rest
src/preprocess.x:276:24,src/preprocess.x,276,24,contains,safe_candidate,Map,needle in receiver (parenthesize under !),The contextual in operator calls this receiver\u2019s contains member with the same key conversion.,src/preprocess.x:276; docs/src/reference/language.md:2947,if (value && (!layout.contains(name.text) || layout[name.text] < value)),False,compiler_rest
src/preprocess.x:354:11,src/preprocess.x,354,11,equal,safe_candidate,Var,receiver == argument (retain typed operands),The typed == operator selects this receiver\u2019s equal member; === would test identity instead.,src/preprocess.x:354; docs/src/reference/language.md:3150,if (kind.equal(%())) c.object_macros[name] = <annotation>;,True,compiler_rest
src/preprocess.x:355:16,src/preprocess.x,355,16,equal,safe_candidate,Var,receiver == argument (retain typed operands),The typed == operator selects this receiver\u2019s equal member; === would test identity instead.,src/preprocess.x:355; docs/src/reference/language.md:3150,else if (kind.equal(<wrapper>)) c.object_macros[name] = <wrapper>;,True,compiler_rest
src/preprocess.x:365:16,src/preprocess.x,365,16,equal,safe_candidate,Var,receiver == argument (retain typed operands),The typed == operator selects this receiver\u2019s equal member; === would test identity instead.,src/preprocess.x:365; docs/src/reference/language.md:3150,(existing.equal(<string>) && !definition.equal(<string>))),False,compiler_rest
src/preprocess.x:365:47,src/preprocess.x,365,47,equal,safe_candidate,Var,receiver == argument (retain typed operands),The typed == operator selects this receiver\u2019s equal member; === would test identity instead.,src/preprocess.x:365; docs/src/reference/language.md:3150,(existing.equal(<string>) && !definition.equal(<string>))),False,compiler_rest
src/preprocess.x:407:21,src/preprocess.x,407,21,equal,safe_candidate,Var,receiver == argument (retain typed operands),The typed == operator selects this receiver\u2019s equal member; === would test identity instead.,src/preprocess.x:407; docs/src/reference/language.md:3150,definition.equal(<annotation>));,True,compiler_rest
src/protocol.x:580:40,src/protocol.x,580,40,str,required_call,Var (AST element),,"This call projects a syntax, type, Symbol, or Var value to its String spelling for a diagnostic, lookup, template hole, or generated identifier. Removing it requires a proved equivalent destination crossing.",src/protocol.x:580; src/expressions.x:3140-3154,String spelling = a.participant.car().str();,True,compiler_core
src/protocol.x:693:25,src/protocol.x,693,25,equal,safe_candidate,List,receiver == argument,The receiver is statically List/Type or String. `==` selects the same equal member on these types; preserve operand evaluation.,src/protocol.x:693; src/operator-ledger.xmacro:15-16; var-protocol-call-catalog.md#focused-verification,_adoption_tag(row).equal(a.tag_expression)) return;,True,compiler_core
src/protocol.x:811:24,src/protocol.x,811,24,str,required_call,Var (AST element),,"This call projects a syntax, type, Symbol, or Var value to its String spelling for a diagnostic, lookup, template hole, or generated identifier. Removing it requires a proved equivalent destination crossing.",src/protocol.x:811; src/expressions.x:3140-3154,? participant.car().str().lower() : participant_repr;,True,compiler_core
src/protocol.x:827:24,src/protocol.x,827,24,str,required_call,Var (AST element),,"This call projects a syntax, type, Symbol, or Var value to its String spelling for a diagnostic, lookup, template hole, or generated identifier. Removing it requires a proved equivalent destination crossing.",src/protocol.x:827; src/expressions.x:3140-3154,? participant.car().str().lower() : participant_repr;,True,compiler_core
src/protocol.x:1010:25,src/protocol.x,1010,25,str,required_call,Var (template slot),,"This call projects a syntax, type, Symbol, or Var value to its String spelling for a diagnostic, lookup, template hole, or generated identifier. Removing it requires a proved equivalent destination crossing.",src/protocol.x:1010; src/expressions.x:3140-3154,if (template.caddr().str()) return 1;,True,compiler_core
src/protocol.x:1216:13,src/protocol.x,1216,13,contains,safe_candidate,Map,needle in receiver,Map.contains is the membership target for `in`; nearby source already uses `in` on this receiver type. Preserve the same receiver and needle evaluation.,src/protocol.x:1216; src/expressions.x:2570-2645; lib/symbolset.x:20; src/protocol.x:1215,!c.fn_defs.contains(name) &&,False,compiler_core
src/protocol.x:1217:24,src/protocol.x,1217,24,contains,safe_candidate,Map,needle in receiver,Map.contains is the membership target for `in`; nearby source already uses `in` on this receiver type. Preserve the same receiver and needle evaluation.,src/protocol.x:1217; src/expressions.x:2570-2645; lib/symbolset.x:20; src/protocol.x:1215,!c.sym.file_statics().contains(%(function $name));,True,compiler_core
src/protocol.x:1533:26,src/protocol.x,1533,26,contains,safe_candidate,Map,needle in receiver,Map.contains is the membership target for `in`; nearby source already uses `in` on this receiver type. Preserve the same receiver and needle evaluation.,src/protocol.x:1533; src/expressions.x:2570-2645; lib/symbolset.x:20; src/protocol.x:1215,if (name && !seen.contains(name)) {,False,compiler_core
src/protocol.x:1591:37,src/protocol.x,1591,37,str,required_call,Var (candidate),,"This call projects a syntax, type, Symbol, or Var value to its String spelling for a diagnostic, lookup, template hole, or generated identifier. Removing it requires a proved equivalent destination crossing.",src/protocol.x:1591; src/expressions.x:3140-3154,Type participant = %(${candidate.str()});,True,compiler_core
src/protocol.x:1708:11,src/protocol.x,1708,11,equal,safe_candidate,List (Type),receiver == argument,The receiver is statically List/Type or String. `==` selects the same equal member on these types; preserve operand evaluation.,src/protocol.x:1708; src/operator-ledger.xmacro:15-16; var-protocol-call-catalog.md#focused-verification,if (base.equal(participant)) return 1;,True,compiler_core
src/protocol.x:1710:13,src/protocol.x,1710,13,equal,conditional_candidate,List (Type) vs Var (List element),"receiver == argument, after exact binding probe",The explicit call receiver or argument is Var or a List element with a different static type. Confirm the same generated equality target and conversion before replacement.,src/protocol.x:1710; src/operator-ledger.xmacro:15-16; var-protocol-call-catalog.md#focused-verification,if (base.equal(row.car())) return 1;,True,compiler_core
src/protocol.x:1826:48,src/protocol.x,1826,48,equal,safe_candidate,List (Type),receiver == argument,The receiver is statically List/Type or String. `==` selects the same equal member on these types; preserve operand evaluation.,src/protocol.x:1826; src/operator-ledger.xmacro:15-16; var-protocol-call-catalog.md#focused-verification,int incompatible_signatures = !first_expected.equal(second_expected);,True,compiler_core
src/protocol.x:1854:22,src/protocol.x,1854,22,equal,safe_candidate,List (Type),receiver == argument,The receiver is statically List/Type or String. `==` selects the same equal member on these types; preserve operand evaluation.,src/protocol.x:1854; src/operator-ledger.xmacro:15-16; var-protocol-call-catalog.md#focused-verification,if (!first_expected.equal(second_expected)),False,compiler_core
src/protocol.x:1928:37,src/protocol.x,1928,37,str,required_call,Var (AST element),,"This call projects a syntax, type, Symbol, or Var value to its String spelling for a diagnostic, lookup, template hole, or generated identifier. Removing it requires a proved equivalent destination crossing.",src/protocol.x:1928; src/expressions.x:3140-3154,"%""_x2c_proto_${participant.car().str().lower()}_${member}_$suffix"";",True,compiler_core
src/protocol.x:1959:15,src/protocol.x,1959,15,equal,conditional_candidate,Var (match capture) passed to List.equal,"receiver == argument, after exact binding probe",The explicit call receiver or argument is Var or a List element with a different static type. Confirm the same generated equality target and conversion before replacement.,src/protocol.x:1959; src/operator-ledger.xmacro:15-16; var-protocol-call-catalog.md#focused-verification,"if (List.equal(receiver, participant) && result.equal(participant))",False,compiler_core
src/protocol.x:1959:54,src/protocol.x,1959,54,equal,safe_candidate,List (Type),receiver == argument,The receiver is statically List/Type or String. `==` selects the same equal member on these types; preserve operand evaluation.,src/protocol.x:1959; src/operator-ledger.xmacro:15-16; var-protocol-call-catalog.md#focused-verification,"if (List.equal(receiver, participant) && result.equal(participant))",False,compiler_core
src/protocol.x:2002:33,src/protocol.x,2002,33,contains,safe_candidate,Map,needle in receiver,Map.contains is the membership target for `in`; nearby source already uses `in` on this receiver type. Preserve the same receiver and needle evaluation.,src/protocol.x:2002; src/expressions.x:2570-2645; lib/symbolset.x:20; src/protocol.x:1215,"int fresh = c.protocol_helpers.contains(%""fresh-callee $callee_identity"");",True,compiler_core
src/protocol.x:2024:38,src/protocol.x,2024,38,str,required_call,Var (AST element),,"This call projects a syntax, type, Symbol, or Var value to its String spelling for a diagnostic, lookup, template hole, or generated identifier. Removing it requires a proved equivalent destination crossing.",src/protocol.x:2024; src/expressions.x:3140-3154,"String stem = %""${participant.car().str().lower()}_$member"";",True,compiler_core
src/protocol.x:2045:24,src/protocol.x,2045,24,equal,safe_candidate,List (Type),receiver == argument,The receiver is statically List/Type or String. `==` selects the same equal member on these types; preserve operand evaluation.,src/protocol.x:2045; src/operator-ledger.xmacro:15-16; var-protocol-call-catalog.md#focused-verification,List shape = d.result.equal(%(void)),False,compiler_core
src/protocol.x:2113:23,src/protocol.x,2113,23,contains,safe_candidate,Map,needle in receiver,Map.contains is the membership target for `in`; nearby source already uses `in` on this receiver type. Preserve the same receiver and needle evaluation.,src/protocol.x:2113; src/expressions.x:2570-2645; lib/symbolset.x:20; src/protocol.x:1215,if (!c.fn_defs.contains(forward)) continue;,True,compiler_core
src/protocol.x:2252:48,src/protocol.x,2252,48,str,required_call,Var (AST element),,"This call projects a syntax, type, Symbol, or Var value to its String spelling for a diagnostic, lookup, template hole, or generated identifier. Removing it requires a proved equivalent destination crossing.",src/protocol.x:2252; src/expressions.x:3140-3154,String participant_name = a.participant.car().str().lower();,True,compiler_core
src/protocol.x:2271:36,src/protocol.x,2271,36,str,required_call,Var (AST element),,"This call projects a syntax, type, Symbol, or Var value to its String spelling for a diagnostic, lookup, template hole, or generated identifier. Removing it requires a proved equivalent destination crossing.",src/protocol.x:2271; src/expressions.x:3140-3154,String name = a.participant.car().str();,True,compiler_core
src/regions.x:436:30,src/regions.x,436,30,iter,safe_candidate,Map,"foreach (Var known, w.facts)","One-binder foreach on Map uses the value iterator, as this explicit iter call does.",src/regions.x:436; docs/src/guide/collections.md:1136,"foreach (Var known, w.facts.iter()) {",False,compiler_rest
src/report.x:135:39,src/report.x,135,39,str,required_call,Symbol,,capitalize is a String member; Symbol.str supplies the String receiver.,src/report.x:135; lib/symbol.x:163,"char line[2048], String name = phase.str().capitalize();",True,compiler_rest
src/report.x:190:22,src/report.x,190,22,str,required_call,Symbol,,capitalize is a String member; Symbol.str supplies the String receiver.,src/report.x:190; lib/symbol.x:163,String name = phase.str().capitalize();,True,compiler_rest
src/script.x:147:29,src/script.x,147,29,str,required_call,Var,,"Var.str displays the value. Implicit Var-to-String extracts only a stored String payload, and quoted List/AST holes preserve the explicitly created String.",src/script.x:147; docs/src/reference/language.md:3763,argv[n++] = c.inputs.car().str();,True,compiler_rest
src/stage.x:206:20,src/stage.x,206,20,add,required_call,String (right operand Var),,String.add converts b from Var to String first. Plain String + Var invokes dynamic Var binary addition; the explicit b.string() needed to make + equivalent adds syntax without simplifying this call.,src/stage.x:206; docs/src/reference/language.md:3164,return a.string().add(b);,True,compiler_rest
src/stage.x:261:35,src/stage.x,261,35,str,required_call,Symbol,,The quoted List needs a String spelling element; omitting str inserts the Symbol itself.,src/stage.x:261; lib/symbol.x:163,${value.symbol().str()} ${value.symbol()}));,True,compiler_rest
src/statements-reports.xmacro:44:36,src/statements-reports.xmacro,44,36,str,required_call,Var,,"Var.str displays the value. Implicit Var-to-String extracts only a stored String payload, and quoted List/AST holes preserve the explicitly created String.",src/statements-reports.xmacro:44; docs/src/reference/language.md:3763,"$origin, %( ""binder:"" ${$binder.str()}",False,compiler_rest
src/statements.x:171:17,src/statements.x,171,17,equal,conditional_candidate,List (right operand Var),== after preserving static List/Type conversion,List.equal explicitly converts a Var operand to List. Preserve that conversion before replacing with ==; a mixed-type == may choose a different path.,src/statements.x:171; docs/src/reference/language.md:3150,return binding.equal(candidate) ? binding : NULL;,True,compiler_rest
src/statements.x:461:18,src/statements.x,461,18,contains,safe_candidate,List,needle in receiver (parenthesize under !),The contextual in operator calls this receiver\u2019s contains member with the same key conversion.,src/statements.x:461; docs/src/reference/language.md:2947,if (!definite.contains(binder)),False,compiler_rest
src/statements.x:463:25,src/statements.x,463,25,str,required_call,Var,,"Var.str displays the value. Implicit Var-to-String extracts only a stored String payload, and quoted List/AST holes preserve the explicitly created String.",src/statements.x:463; docs/src/reference/language.md:3763,String name = binder.str()[1:];,True,compiler_rest
src/statements.x:465:35,src/statements.x,465,35,str,required_call,Var,,"Var.str displays the value. Implicit Var-to-String extracts only a stored String payload, and quoted List/AST holes preserve the explicitly created String.",src/statements.x:465; docs/src/reference/language.md:3763,if (other == binder || other.str()[1:] != name) continue;,True,compiler_rest
src/symbols.x:360:23,src/symbols.x,360,23,contains,safe_candidate,Map,needle in receiver (parenthesize under !),The contextual in operator calls this receiver\u2019s contains member with the same key conversion.,src/symbols.x:360; docs/src/reference/language.md:2947,if (!s.binding_facts.contains(%(known $identity))),False,compiler_rest
src/symbols.x:363:23,src/symbols.x,363,23,contains,safe_candidate,Map,needle in receiver (parenthesize under !),The contextual in operator calls this receiver\u2019s contains member with the same key conversion.,src/symbols.x:363; docs/src/reference/language.md:2947,if (!s.binding_facts.contains(self_key)) {,False,compiler_rest
src/symbols.x:422:15,src/symbols.x,422,15,equal,conditional_candidate,Var -> List,== after preserving static List/Type conversion,List.equal explicitly converts a Var operand to List. Preserve that conversion before replacing with ==; a mixed-type == may choose a different path.,src/symbols.x:422; docs/src/reference/language.md:3150,"if (List.equal(candidate, binding)) return 1;",True,compiler_rest
src/symbols.x:653:23,src/symbols.x,653,23,contains,safe_candidate,Map,needle in receiver (parenthesize under !),The contextual in operator calls this receiver\u2019s contains member with the same key conversion.,src/symbols.x:653; docs/src/reference/language.md:2947,!s.binding_facts.contains(%(emitted $binding))),False,compiler_rest
src/symbols.x:862:20,src/symbols.x,862,20,contains,safe_candidate,Map,needle in receiver (parenthesize under !),The contextual in operator calls this receiver\u2019s contains member with the same key conversion.,src/symbols.x:862; docs/src/reference/language.md:2947,if (!scope.macros.contains(name)) s.local_macro_names++;,True,compiler_rest
src/symbols.x:1172:18,src/symbols.x,1172,18,truth,safe_candidate,Var,omit .truth() in this condition or unary !,"In a condition or unary !, static Var truth conversion calls Var.truth at this same evaluation point.",src/symbols.x:1172; docs/src/reference/language.md:3113,if (row.car().truth() || !s.resolve_key(member).is_aggregate()) continue;,True,compiler_rest
src/symbols.x:1397:38,src/symbols.x,1397,38,contains,safe_candidate,Map,needle in receiver (parenthesize under !),The contextual in operator calls this receiver\u2019s contains member with the same key conversion.,src/symbols.x:1397; docs/src/reference/language.md:2947,"foreach (Var key, keys) if (!staged.contains(key)) original.del(key);",True,compiler_rest
src/toolchain.x:291:47,src/toolchain.x,291,47,str,required_call,Symbol,,"The printf-family autoformat path only handles static Var arguments. Symbol is native here, so removing str passes its numeric value as a %s pointer.",src/toolchain.x:291; src/transform.x:1293,"$report.toolchain.tool_failed(action.phase.str(), status);",True,compiler_rest
src/toolchain.x:450:35,src/toolchain.x,450,35,str,required_call,Symbol,,"The printf-family autoformat path only handles static Var arguments. Symbol is native here, so removing str passes its numeric value as a %s pointer.",src/toolchain.x:450; src/transform.x:1293,"fprintf(stderr, ""x2c: %s"", phase.str());",True,compiler_rest
src/type.x:524:55,src/type.x,524,55,add,required_call,Specifiers,,Custom add method mutates compiler state; String + is unrelated.,src/type.x:524,"foreach (Var item, t) if (item is not <symbol> || !s.add(item)) return NULL;",True,compiler_rest
src/type.x:530:22,src/type.x,530,22,add,definition,Specifiers,,This declares the named method; it is not a call.,src/type.x:530,"static int Specifiers.add(Specifiers &s, Symbol symbol) {",False,compiler_rest
src/utils.x:115:20,src/utils.x,115,20,contains,safe_candidate,String,needle in receiver (parenthesize under !),The contextual in operator calls this receiver\u2019s contains member with the same key conversion.,src/utils.x:115; docs/src/reference/language.md:2947,"if (name && !name.contains(""/"")) name = find_program(name);",True,compiler_rest
